Weld,C,Mn,Si,S,P,Al,Ti,Cr,Ni,Mo,V,Cu,YS,UTS,El,RA,Temp,Temp,Strength Classification
A3Ni,0.062,0.62,0.29,0.007,0.007,0.0005,0.0006,0.03,3.01,0.005,0.005,0.03,457,543,27.6,77,-65,-98,Low
A3Ni,0.057,0.65,0.3,0.007,0.007,0.0005,0.0036,0.03,3.03,0.005,0.005,0.03,477,557,29.4,78,-85,-114,Low
A3Ni,0.059,0.63,0.31,0.007,0.007,0.0005,0.0082,0.03,3,0.005,0.005,0.03,489,571,30.2,78,-75,-102,Low
A3Ni,0.065,0.65,0.35,0.007,0.006,0.0005,0.015,0.03,3,0.005,0.005,0.03,490,576,30.2,77.5,-74,-112,Low
A3Ni,0.069,0.67,0.39,0.006,0.011,0.0005,0.022,0.03,2.96,0.005,0.005,0.03,533,599,27,78,-75,-105,Low
A3Ni,0.064,0.65,0.3,0.004,0.008,0.0005,0.0006,0.03,2.88,0.005,0.005,0.03,477,549,28.8,78,-68,-103,Low
A3Ni,0.063,0.65,0.28,0.005,0.008,0.0005,0.0035,0.03,2.82,0.005,0.005,0.03,479,545,29.2,79.8,-83,-110,Low
A3Ni,0.061,0.63,0.29,0.004,0.007,0.0005,0.0087,0.03,2.89,0.005,0.005,0.03,468,537,25,79.8,-82,-103,Low
A3Ni,0.062,0.6,0.25,0.004,0.009,0.0005,0.014,0.03,2.83,0.005,0.005,0.03,476,545,29.8,79.8,-85,-105,Low
A3Ni,0.066,0.63,0.32,0.004,0.008,0.0005,0.026,0.03,2.93,0.005,0.005,0.03,492,550,28.8,79.8,-82,-102,Low
A3Ni,0.071,0.63,0.39,0.004,0.008,0.0005,0.0006,0.03,2.73,0.005,0.005,0.03,483,570,28.4,77,-72,-93,Low
A3Ni,0.07,0.65,0.39,0.003,0.009,0.0005,0.006,0.03,2.78,0.005,0.005,0.03,490,561,27.8,78.9,-86,-109,Low
A3Ni,0.068,0.65,0.29,0.003,0.01,0.0005,0.011,0.03,2.79,0.005,0.005,0.03,507,581,25,77,-89,-110,Low
A3Ni,0.068,0.62,0.29,0.003,0.009,0.0005,0.017,0.03,2.78,0.005,0.005,0.03,476,563,28.4,78.9,-86,-103,Low
A3Ni,0.062,0.57,0.3,0.003,0.008,0.0005,0.023,0.03,2.78,0.005,0.005,0.03,468,551,28.6,78.9,-87,-107,Low
A5Ni,0.054,0.66,0.31,0.007,0.007,0.0022,0.0008,0.03,5.37,0.005,0.005,0.03,591,655,20.4,68.6,-65,-124,Low
A5Ni,0.057,0.66,0.32,0.007,0.008,0.0023,0.0048,0.03,5.43,0.005,0.005,0.03,609,665,22.8,73,-69,-140,Low
A5Ni,0.058,0.62,0.3,0.007,0.007,0.0024,0.0107,0.03,5.38,0.005,0.005,0.03,611,672,22.6,73,-81,-132,Low
A5Ni,0.063,0.66,0.35,0.006,0.006,0.0025,0.0177,0.03,5.48,0.005,0.005,0.03,628,695,20.6,73,-72,-123,Low
A5Ni,0.063,0.65,0.37,0.006,0.006,0.0005,0.0236,0.03,5.45,0.005,0.005,0.03,643,705,19.4,69.7,-73,-145,Low
A5Ni,0.056,0.23,0.36,0.009,0.006,0.0005,0.001,0.03,5.32,0.005,0.005,0.03,524,599,,,,-78,Low
A5Ni,0.056,0.24,0.37,0.008,0.006,0.0005,0.0058,0.03,5.46,0.005,0.005,0.03,544,623,18,47.2,-20,-122,Low
A5Ni,0.057,0.24,0.36,0.008,0.006,0.0005,0.011,0.03,5.48,0.005,0.005,0.03,540,616,25.4,69.7,-63,-113,Low
A5Ni,0.062,0.25,0.38,0.007,0.006,0.0005,0.019,0.03,5.37,0.005,0.005,0.03,554,632,20,70.8,-63,-115,Low
A5Ni,0.066,0.27,0.42,0.007,0.006,0.0005,0.028,0.03,5.37,0.005,0.005,0.03,596,674,24.2,71.9,-64,-103,Low
A5Ni,0.068,0.7,0.38,0.006,0.007,0.0005,0.0009,0.03,4.91,0.005,0.005,0.03,618,686,20,68.5,-64,-114,Low
A5Ni,0.064,0.71,0.34,0.005,0.007,0.0005,0.0047,0.03,4.94,0.005,0.005,0.03,619,679,22.6,71.9,-70,-121,Low
A5Ni,0.068,0.67,0.34,0.005,0.007,0.0005,0.011,0.03,4.99,0.005,0.005,0.03,631,690,21.8,68.6,-60,-111,Low
A5Ni,0.067,0.61,0.28,0.006,0.007,0.0005,0.016,0.03,5.01,0.005,0.005,0.03,615,695,26,75,-74,-124,Low
A5Ni,0.07,0.69,0.33,0.004,0.007,0.0005,0.025,0.03,4.96,0.005,0.005,0.03,630,699,23.8,71.2,-67,-115,Low
A5Ni,0.075,0.67,0.43,0.004,0.009,0.0005,0.0007,0.03,4.8,0.005,0.005,0.03,602,678,20.6,68.5,-67,-121,Low
A5Ni,0.074,0.66,0.42,0.004,0.008,0.0005,0.007,0.03,4.9,0.005,0.005,0.03,646,708,20.4,75,-70,-107,Low
A5Ni,0.075,0.64,0.39,0.004,0.008,0.0005,0.013,0.03,4.88,0.005,0.005,0.03,641,705,20.6,71.9,-63,-106,Low
A5Ni,0.068,0.64,0.32,0.004,0.009,0.0005,0.019,0.03,4.83,0.005,0.005,0.03,626,699,21,73,-64,-108,Low
A5Ni,0.067,0.59,0.32,0.004,0.009,0.0005,0.028,0.03,4.78,0.005,0.005,0.03,620,687,20,71.9,-81,-110,Low
AB,0.063,0.64,0.36,0.007,0.007,0.0005,0.0005,0.03,0.03,0.005,0.005,0.03,407,481,29.6,77,-53,-78,Low
AB,0.065,0.66,0.36,0.008,0.009,0.0005,0.0007,0.03,0.03,0.005,0.005,0.03,400,478,29.8,70.2,-50,-73,Low
AB,0.063,0.65,0.39,0.008,0.009,0.0005,0.0003,0.03,0.03,0.005,0.005,0.03,394,471,31.5,70.8,-53,-69,Low
AB,0.068,0.68,0.36,0.009,0.008,0.0005,0.0007,0.03,0.03,0.005,0.005,0.03,373,454,29.4,74.9,-51,-73,Low
AB,0.064,0.66,0.43,0.01,0.01,0.0005,0.0009,0.03,0.03,0.005,0.005,0.03,400,472,23,73.3,-57,-70,Low
AB,0.066,0.69,0.4,0.008,0.008,0.0005,0.0003,0.03,0.03,0.005,0.005,0.03,381,481,25.7,73.9,-52,-77,Low
AB,0.073,0.64,0.35,0.005,0.004,0.0005,0.0038,0.03,0.03,0.005,0.005,0.03,402,494,33.3,77.5,-45,-70,Low
AB,0.066,0.67,0.38,0.008,0.01,0.0005,0.0034,0.03,0.03,0.005,0.005,0.03,445,499,22.5,77.1,-35,-54,Low
AB,0.062,0.68,0.45,0.009,0.01,0.0005,0.004,0.03,0.03,0.005,0.005,0.03,437,485,21.2,70.7,-30,-52,Low
AB,0.061,0.67,0.45,0.009,0.01,0.0005,0.0042,0.03,0.03,0.005,0.005,0.03,409,466,22.7,73.8,-42,-59,Low
AB,0.065,0.66,0.48,0.008,0.01,0.0005,0.0044,0.03,0.03,0.005,0.005,0.03,410,471,23.7,75.8,-48,-70,Low
AB,0.061,0.67,0.43,0.008,0.008,0.0005,0.0045,0.03,0.03,0.005,0.005,0.03,415,479,23.5,73.9,-44,-65,Low
ACrTi,0.07,0.65,0.32,0.008,0.008,0.0005,0.0005,0.53,0.03,0.005,0.005,0.03,417,498,26.6,78.9,-60,-80,Low
ACrTi,0.071,0.65,0.31,0.007,0.006,0.0005,0.0034,0.53,0.03,0.005,0.005,0.03,420,494,28.6,78.9,-47,-62,Low
ACrTi,0.077,0.66,0.29,0.008,0.008,0.0005,0.008,0.54,0.03,0.005,0.005,0.03,440,507,27,78.9,-27,-51,Low
ACrTi,0.075,0.6,0.31,0.007,0.008,0.0005,0.014,0.52,0.03,0.005,0.005,0.03,445,510,26,78.9,-40,-63,Low
ACrTi,0.071,0.63,0.37,0.006,0.009,0.0005,0.0214,0.52,0.03,0.005,0.005,0.03,467,530,22.4,76.9,-47,-66,Low
ACrTi,0.07,0.65,0.35,0.008,0.01,0.0005,0.0005,1.01,0.03,0.005,0.005,0.03,481,559,22,75,-40,-68,Low
ACrTi,0.077,0.66,0.32,0.008,0.01,0.0005,0.0034,1.03,0.03,0.005,0.005,0.03,490,558,21,77.9,-35,-54,Low
ACrTi,0.082,0.67,0.34,0.006,0.009,0.0005,0.0083,1.04,0.03,0.005,0.005,0.03,501,597,22,78.9,-17,-38,Low
ACrTi,0.079,0.64,0.37,0.006,0.01,0.0005,0.0157,1.04,0.03,0.005,0.005,0.03,495,567,23.6,78,-36,-54,Low
ACrTi,0.086,0.62,0.38,0.003,0.01,0.0005,0.0238,1.04,0.03,0.005,0.005,0.03,504,578,22.4,78.9,-32,-63,Low
ACrTi,0.074,0.58,0.25,0.008,0.01,0.0005,0.0004,1.59,0.03,0.005,0.005,0.03,494,593,19,71.9,-22,-48,Low
ACrTi,0.078,0.62,0.26,0.007,0.005,0.0005,0.0029,1.6,0.03,0.005,0.005,0.03,509,596,17,74,-8,-35,Low
ACrTi,0.076,0.62,0.28,0.007,0.009,0.0005,0.0076,1.65,0.03,0.005,0.005,0.03,519,606,17.6,73,-12,-28,Low
ACrTi,0.08,0.63,0.28,0.007,0.005,0.0005,0.0118,1.7,0.03,0.005,0.005,0.03,535,623,20.8,74,-12,-41,Low
ACrTi,0.082,0.63,0.33,0.006,0.007,0.0005,0.017,1.7,0.03,0.005,0.005,0.03,540,644,17.9,76,-3,-31,Low
ACrTi,0.076,0.64,0.28,0.008,0.008,0.0005,0.0008,2.1,0.03,0.005,0.005,0.03,565,660,,68.6,26,-40,Low
ACrTi,0.078,0.64,0.28,0.008,0.007,0.0005,0.0042,2.15,0.03,0.005,0.005,0.03,569,686,18,68.6,8,-33,Low
ACrTi,0.08,0.68,0.32,0.007,0.008,0.0005,0.0078,2,0.03,0.005,0.005,0.03,585,668,18.8,73,7,-32,Low
ACrTi,0.088,0.67,0.34,0.007,0.008,0.0005,0.014,2.05,0.03,0.005,0.005,0.03,613,707,15.6,70.8,20,-33,Low
ACrTi,0.083,0.66,0.37,0.007,0.007,0.0005,0.022,1.99,0.03,0.005,0.005,0.03,628,714,18,70.8,17,-20,Low
ACuTi,0.073,0.64,0.34,0.008,0.007,0.0005,0.0007,0.03,0.03,0.005,0.005,0.03,404,494,32.4,76,-46,-70,Low
ACuTi,0.073,0.64,0.35,0.005,0.004,0.0005,0.0038,0.03,0.03,0.005,0.005,0.03,402,494,33.3,77.5,-45,-70,Low
ACuTi,0.074,0.67,0.35,0.008,0.007,0.0005,0.0095,0.03,0.03,0.005,0.005,0.03,396,492,30.2,78,-40,-59,Low
ACuTi,0.078,0.68,0.38,0.009,0.007,0.0005,0.016,0.03,0.03,0.005,0.005,0.03,410,494,31.4,78.9,-36,-58,Low
ACuTi,0.079,0.73,0.44,0.006,0.008,0.0005,0.024,0.03,0.03,0.005,0.005,0.03,440,523,31.4,77,-40,-64,Low
ACuTi,0.068,0.62,0.28,0.008,0.007,0.0005,0.0005,0.03,0.03,0.005,0.005,0.5,391,468,29.4,77,-63,-86,Low
ACuTi,0.063,0.64,0.3,0.008,0.008,0.0005,0.0043,0.03,0.03,0.005,0.005,0.53,417,498,29.2,78.9,-62,-94,Low
ACuTi,0.065,0.64,0.31,0.007,0.008,0.0005,0.0098,0.03,0.03,0.005,0.005,0.51,421,485,32.8,78.9,-46,-72,Low
ACuTi,0.069,0.63,0.32,0.007,0.01,0.0005,0.017,0.03,0.03,0.005,0.005,0.49,420,487,28.8,78.9,-51,-74,Low
ACuTi,0.074,0.62,0.34,0.005,0.009,0.0005,0.022,0.03,0.03,0.005,0.005,0.49,454,524,29,77,-53,-74,Low
ACuTi,0.065,0.62,0.3,0.007,0.009,0.0005,0.0004,0.03,0.03,0.005,0.005,1.03,439,509,31.6,78.9,-54,-87,Low
ACuTi,0.064,0.63,0.3,0.007,0.007,0.0005,0.0042,0.03,0.03,0.005,0.005,1.05,429,497,26.6,77,-58,-94,Low
ACuTi,0.068,0.63,0.3,0.007,0.007,0.0005,0.01,0.03,0.03,0.005,0.005,1.05,446,516,30,78,-53,-81,Low
ACuTi,0.067,0.62,0.31,0.006,0.007,0.0005,0.018,0.03,0.03,0.005,0.005,1.03,422,492,29.2,78.9,-41,-75,Low
ACuTi,0.07,0.61,0.36,0.006,0.009,0.0005,0.029,0.03,0.03,0.005,0.005,1.02,451,519,29,78,-53,-79,Low
ACuTi,0.064,0.64,0.32,0.007,0.008,0.0005,0.0004,0.03,0.03,0.005,0.005,1.6,504,565,26.6,73,-24,-70,Low
ACuTi,0.066,0.67,0.37,0.006,0.008,0.0005,0.0051,0.03,0.03,0.005,0.005,1.44,516,568,28,75,-43,-77,Low
ACuTi,0.069,0.66,0.33,0.006,0.008,0.0005,0.0108,0.03,0.03,0.005,0.005,1.5,523,573,28,75,-27,-65,Low
ACuTi,0.069,0.6,0.27,0.006,0.007,0.0005,0.014,0.03,0.03,0.005,0.005,1.64,501,553,27.6,72.9,-27,-62,Low
ACuTi,0.071,0.62,0.35,0.005,0.006,0.0005,0.025,0.03,0.03,0.005,0.005,1.55,532,584,28.2,76,-28,-65,Low
ACuTi,0.06,0.63,0.25,0.007,0.008,0.0005,0.0002,0.03,0.03,0.005,0.005,2,628,675,21,66.3,45,-17,Low
ACuTi,0.061,0.65,0.25,0.007,0.008,0.0005,0.0039,0.03,0.03,0.005,0.005,2.02,663,704,22.2,68.6,30,-45,Low
ACuTi,0.067,0.65,0.25,0.008,0.007,0.0005,0.01,0.03,0.03,0.005,0.005,2.02,665,708,23,68.6,28,-24,Low
ACuTi,0.07,0.66,0.29,0.006,0.008,0.0005,0.018,0.03,0.03,0.005,0.005,2.03,645,680,26,68.6,26,-33,Low
ACuTi,0.073,0.64,0.34,0.006,0.007,0.0005,0.03,0.03,0.03,0.005,0.005,2.04,640,686,24,70.8,18,-32,Low
AlN,0.069,1.36,0.3,0.007,0.009,0.0005,0.0037,0.03,0.03,0.005,0.005,0.03,468,529,32.6,80.7,-72,-99,Low
AlN,0.073,1.39,0.33,0.007,0.008,0.002,0.0039,0.03,0.03,0.005,0.005,0.03,475,536,33.4,80.7,-70,-95,Low
AlN,0.078,1.39,0.32,0.007,0.009,0.0044,0.0042,0.03,0.03,0.005,0.005,0.03,478,541,30.4,78.9,-60,-84,Low
AlN,0.08,1.41,0.33,0.006,0.009,0.0078,0.0043,0.03,0.03,0.005,0.005,0.03,478,540,31.2,80.7,-55,-77,Low
AlN,0.08,1.42,0.37,0.006,0.009,0.012,0.0043,0.03,0.03,0.005,0.005,0.03,480,543,29,78.9,-58,-86,Low
AlN,0.076,1.36,0.37,0.005,0.009,0.019,0.0036,0.03,0.03,0.005,0.005,0.03,485,549,31.4,79.8,-58,-86,Low
AlN,0.078,1.31,0.44,0.005,0.008,0.034,0.0036,0.03,0.03,0.005,0.005,0.03,491,564,28.2,78.9,-63,-88,Low
AlN,0.076,1.3,0.51,0.005,0.008,0.049,0.0043,0.03,0.03,0.005,0.005,0.03,485,560,25.2,78.9,-55,-90,Low
AlN,0.079,1.32,0.57,0.004,0.008,0.061,0.0038,0.03,0.03,0.005,0.005,0.03,491,570,29.2,77,-38,-74,Low
AlN,0.069,1.35,0.32,0.01,0.006,0.0005,0.003,0.03,0.03,0.005,0.005,0.03,492,568,30,77,-45,-68,Low
AlN,0.07,1.4,0.32,0.009,0.007,0.0069,0.0037,0.03,0.03,0.005,0.005,0.03,502,569,25.6,78.9,-39,-63,Low
AlN,0.069,1.37,0.38,0.008,0.007,0.014,0.0033,0.03,0.03,0.005,0.005,0.03,523,587,26.4,78.9,-42,-60,Low
AlN,0.073,1.29,0.47,0.006,0.005,0.028,0.0031,0.03,0.03,0.005,0.005,0.03,514,579,24.4,77,-38,-61,Low
AlN,0.072,1.32,0.5,0.006,0.006,0.0444,0.0032,0.03,0.03,0.005,0.005,0.03,512,581,24.6,76,-30,-59,Low
AlN,0.07,1.3,0.54,0.005,0.006,0.058,0.0029,0.03,0.03,0.005,0.005,0.03,512,581,26.4,76,-15,-54,Low
AlN,0.07,1.39,0.28,0.009,0.01,0.0002,0.0031,0.03,0.03,0.005,0.005,0.03,524,598,25.2,74.7,-27,-53,Low
AlN,0.07,1.41,0.35,0.007,0.007,0.0084,0.0038,0.03,0.03,0.005,0.005,0.03,550,623,27,76.5,-27,-54,Low
AlN,0.07,1.37,0.39,0.007,0.009,0.021,0.0032,0.03,0.03,0.005,0.005,0.03,562,632,27.4,78.2,-30,-57,Low
AlN,0.07,1.36,0.42,0.006,0.007,0.038,0.0036,0.03,0.03,0.005,0.005,0.03,546,625,29.5,74.8,-21,-53,Low
AlN,0.076,1.42,0.49,0.005,0.01,0.047,0.0055,0.03,0.03,0.005,0.005,0.03,541,625,28,71.6,0,-38,Low
AlN,0.07,1.4,0.54,0.005,0.009,0.067,0.0044,0.03,0.03,0.005,0.005,0.03,536,623,27.6,73.7,2,-55,Low
AlO,0.069,1.36,0.3,0.007,0.009,0.0005,0.0037,0.03,0.03,0.005,0.005,0.03,468,529,32.6,80.7,-72,-99,Low
AlO,0.073,1.39,0.33,0.007,0.008,0.002,0.0039,0.03,0.03,0.005,0.005,0.03,475,536,33.4,80.7,-70,-95,Low
AlO,0.078,1.39,0.32,0.007,0.009,0.0044,0.0042,0.03,0.03,0.005,0.005,0.03,478,541,30.4,78.9,-60,-84,Low
AlO,0.08,1.41,0.33,0.006,0.009,0.0078,0.0043,0.03,0.03,0.005,0.005,0.03,478,540,31.2,80.7,-55,-77,Low
AlO,0.08,1.42,0.37,0.006,0.009,0.012,0.0043,0.03,0.03,0.005,0.005,0.03,480,543,29,78.9,-58,-86,Low
AlO,0.076,1.36,0.37,0.005,0.009,0.019,0.0036,0.03,0.03,0.005,0.005,0.03,485,549,31.4,79.8,-58,-86,Low
AlO,0.078,1.31,0.44,0.005,0.008,0.034,0.0036,0.03,0.03,0.005,0.005,0.03,491,564,28.2,78.9,-63,-88,Low
AlO,0.076,1.3,0.51,0.005,0.008,0.049,0.0043,0.03,0.03,0.005,0.005,0.03,485,560,25.2,78.9,-55,-90,Low
AlO,0.079,1.32,0.57,0.004,0.008,0.061,0.0038,0.03,0.03,0.005,0.005,0.03,491,570,29.2,77,-38,-74,Low
AlO,0.074,1.48,0.35,0.006,0.007,0.0005,0.0034,0.03,0.03,0.005,0.005,0.03,461,526,30,78.9,-69,-93,Low
AlO,0.077,1.5,0.37,0.005,0.007,0.0069,0.0053,0.03,0.03,0.005,0.005,0.03,457,546,28.4,78.9,-59,-80,Low
AlO,0.079,1.44,0.44,0.005,0.007,0.016,0.0042,0.03,0.03,0.005,0.005,0.03,499,560,32.4,78.8,-61,-83,Low
AlO,0.078,1.39,0.53,0.005,0.007,0.028,0.0045,0.03,0.03,0.005,0.005,0.03,482,563,29.4,78.9,-63,-84,Low
AlO,0.077,1.4,0.61,0.004,0.008,0.043,0.0052,0.03,0.03,0.005,0.005,0.03,497,573,27.8,78,-46,-84,Low
AlO,0.075,1.35,0.67,0.004,0.007,0.048,0.0049,0.03,0.03,0.005,0.005,0.03,506,581,26.8,76,-43,-77,Low
AlO,0.077,1.52,0.34,0.005,0.006,0.0004,0.0033,0.03,0.03,0.005,0.005,0.03,484,532,29.6,78.9,-77,-94,Low
AlO,0.082,1.44,0.36,0.004,0.006,0.0049,0.0039,0.03,0.03,0.005,0.005,0.03,484,547,28,80.7,-65,-85,Low
AlO,0.084,1.39,0.42,0.004,0.006,0.0095,0.0044,0.03,0.03,0.005,0.005,0.03,502,550,26.8,79.4,-73,-86,Low
AlO,0.082,1.35,0.47,0.005,0.006,0.015,0.0044,0.03,0.03,0.005,0.005,0.03,492,546,29.2,80.7,-78,-96,Low
AlO,0.086,1.3,0.5,0.004,0.007,0.024,0.0032,0.03,0.03,0.005,0.005,0.03,500,563,26.4,80.7,-64,-83,Low
AlO,0.087,1.28,0.58,0.004,0.006,0.035,0.0032,0.03,0.03,0.005,0.005,0.03,492,568,27,78.6,-50,-78,Low
AlO,0.074,1.51,0.35,0.004,0.009,0.0005,0.0028,0.03,0.03,0.005,0.005,0.03,454,524,29,82.4,-80,-92,Low
AlO,0.077,1.34,0.39,0.004,0.011,0.0065,0.003,0.03,0.03,0.005,0.005,0.03,487,557,27.2,81.6,-72,-87,Low
AlO,0.083,1.35,0.47,0.004,0.011,0.012,0.003,0.03,0.03,0.005,0.005,0.03,492,558,26.4,81.6,-80,-94,Low
AlO,0.094,1.25,0.46,0.004,0.01,0.015,0.003,0.03,0.03,0.005,0.005,0.03,478,546,26.8,80.7,-83,-96,Low
AlO,0.08,1.26,0.46,0.004,0.011,0.017,0.0025,0.03,0.03,0.005,0.005,0.03,481,551,29.4,79.8,-76,-95,Low
AlO,0.103,1.34,0.61,0.004,0.009,0.022,0.0051,0.03,0.03,0.005,0.005,0.03,498,572,26.4,80.7,-65,-84,Low
Al,0.069,1.36,0.3,0.007,0.009,0.0005,0.0037,0.03,0.03,0.006,0.004,0.03,468,529,32.6,80.7,-72,-99,Low
Al,0.073,1.39,0.33,0.007,0.008,0.002,0.0039,0.03,0.03,0.006,0.004,0.03,475,536,33.4,80.7,-70,-95,Low
Al,0.078,1.39,0.32,0.007,0.009,0.0044,0.0042,0.03,0.03,0.006,0.004,0.03,478,541,30.4,78.9,-60,-84,Low
Al,0.08,1.41,0.33,0.006,0.009,0.0078,0.0043,0.03,0.03,0.006,0.003,0.03,478,540,31.2,80.7,-55,-77,Low
Al,0.08,1.42,0.37,0.006,0.009,0.012,0.0043,0.03,0.03,0.006,0.003,0.03,480,543,29,78.9,-58,-86,Low
Al,0.076,1.36,0.37,0.005,0.009,0.019,0.0036,0.03,0.03,0.006,0.004,0.03,485,549,31.4,79.8,-58,-86,Low
Al,0.078,1.31,0.44,0.005,0.008,0.034,0.0036,0.03,0.03,0.006,0.004,0.03,491,564,28.2,78.9,-63,-88,Low
Al,0.076,1.3,0.51,0.005,0.008,0.049,0.0043,0.03,0.03,0.006,0.004,0.03,485,560,25.2,78.9,-55,-90,Low
Al,0.079,1.32,0.57,0.004,0.008,0.061,0.0038,0.03,0.03,0.006,0.004,0.03,491,570,29.2,77,-38,-74,Low
AlTiN,0.069,1.49,0.43,0.004,0.005,0.0001,0.046,0.03,0.03,0.005,0.005,0.03,535,594,26,79.8,-60,-78,Low
AlTiN,0.071,1.44,0.36,0.007,0.005,0.0067,0.046,0.03,0.03,0.005,0.005,0.03,522,583,22,78.9,-48,-69,Low
AlTiN,0.071,1.39,0.42,0.007,0.005,0.015,0.042,0.03,0.03,0.005,0.005,0.03,531,587,25.2,78,-56,-74,Low
AlTiN,0.071,1.44,0.52,0.005,0.005,0.03,0.046,0.03,0.03,0.005,0.005,0.03,538,604,23.2,77,-49,-65,Low
AlTiN,0.069,1.41,0.54,0.005,0.005,0.042,0.046,0.03,0.03,0.005,0.005,0.03,561,622,26,77,-43,-63,Low
AlTiN,0.067,1.4,0.57,0.005,0.005,0.05,0.045,0.03,0.03,0.005,0.005,0.03,547,616,22.6,75,-44,-76,Low
AlTiN,0.066,1.48,0.47,0.007,0.005,0.0002,0.041,0.03,0.03,0.005,0.005,0.03,540,607,21.8,77.7,-49,-74,Low
AlTiN,0.073,1.4,0.49,0.004,0.005,0.0046,0.042,0.03,0.03,0.005,0.005,0.03,549,614,22,76.9,-45,-67,Low
AlTiN,0.067,1.32,0.56,0.004,0.005,0.013,0.041,0.03,0.03,0.005,0.005,0.03,564,612,22.8,77.7,-44,-56,Low
AlTiN,0.064,1.42,0.64,0.004,0.005,0.025,0.042,0.03,0.03,0.005,0.005,0.03,554,612,20.2,73.9,-34,-56,Low
AlTiN,0.068,1.39,0.69,0.004,0.005,0.038,0.041,0.03,0.03,0.005,0.005,0.03,549,616,22.3,74.5,-36,-53,Low
AlTiN,0.065,1.46,0.72,0.006,0.005,0.059,0.049,0.03,0.03,0.005,0.005,0.03,559,609,23,77.7,-55,-76,Low
AlTiN,0.068,1.46,0.47,0.007,0.005,0.0007,0.045,0.03,0.03,0.005,0.005,0.03,549,614,23.2,76.7,-42,-65,Low
AlTiN,0.066,1.32,0.5,0.008,0.005,0.0052,0.044,0.03,0.03,0.005,0.005,0.03,535,597,24.2,76,-31,-51,Low
AlTiN,0.064,1.36,0.57,0.007,0.005,0.0133,0.04,0.03,0.03,0.005,0.005,0.03,546,612,21.7,76.5,-4,-28,Low
AlTiN,0.063,1.47,0.65,0.007,0.005,0.0279,0.044,0.03,0.03,0.005,0.005,0.03,544,615,25.9,81,-7,-35,Low
AlTiN,0.066,1.45,0.7,0.006,0.005,0.037,0.041,0.03,0.03,0.005,0.005,0.03,605,674,22.8,78.9,-17,-46,Low
AlTiN,0.066,1.39,0.56,0.004,0.005,0.054,0.045,0.03,0.03,0.005,0.005,0.03,571,637,24.4,77,-34,-52,Low
AlTi,0.074,1.49,0.29,0.006,0.013,0.0006,0.0005,0.03,0.03,0.005,0.005,0.03,431,527,29.6,78,-19,-41,Low
AlTi,0.081,1.43,0.29,0.006,0.013,0.006,0.0005,0.03,0.03,0.005,0.005,0.03,444,542,27.6,72.9,-15,-39,Low
AlTi,0.076,1.36,0.34,0.005,0.011,0.015,0.0005,0.03,0.03,0.005,0.005,0.03,437,527,24.6,78.9,-20,-58,Low
AlTi,0.079,1.37,0.39,0.005,0.011,0.025,0.0005,0.03,0.03,0.005,0.005,0.03,437,538,25.2,78.9,-25,-56,Low
AlTi,0.078,1.4,0.44,0.004,0.011,0.042,0.0005,0.03,0.03,0.005,0.005,0.03,469,545,24.4,77,-30,-62,Low
AlTi,0.081,1.42,0.48,0.004,0.006,0.066,0.0004,0.03,0.03,0.005,0.005,0.03,466,551,26.2,78.9,-29,-76,Low
AlTi,0.069,1.36,0.3,0.007,0.009,0.0005,0.0037,0.03,0.03,0.005,0.005,0.03,468,529,32.6,80.7,-72,-99,Low
AlTi,0.073,1.39,0.33,0.007,0.008,0.002,0.0039,0.03,0.03,0.005,0.005,0.03,475,536,33.4,80.7,-70,-95,Low
AlTi,0.078,1.39,0.32,0.007,0.009,0.0044,0.0042,0.03,0.03,0.005,0.005,0.03,478,541,30.4,78.9,-60,-84,Low
AlTi,0.08,1.41,0.33,0.006,0.009,0.0078,0.0043,0.03,0.03,0.005,0.005,0.03,478,540,31.2,80.7,-55,-77,Low
AlTi,0.08,1.42,0.37,0.006,0.009,0.012,0.0043,0.03,0.03,0.005,0.005,0.03,480,543,29,78.9,-58,-86,Low
AlTi,0.076,1.36,0.37,0.005,0.009,0.019,0.0036,0.03,0.03,0.005,0.005,0.03,485,549,31.4,79.8,-58,-86,Low
AlTi,0.078,1.31,0.44,0.005,0.008,0.034,0.0036,0.03,0.03,0.005,0.005,0.03,491,564,28.2,78.9,-63,-88,Low
AlTi,0.076,1.3,0.51,0.005,0.008,0.049,0.0043,0.03,0.03,0.005,0.005,0.03,485,560,25.2,78.9,-55,-90,Low
AlTi,0.079,1.32,0.57,0.004,0.008,0.061,0.0038,0.03,0.03,0.005,0.005,0.03,491,570,29.2,77,-38,-74,Low
AlTi,0.074,1.5,0.32,0.006,0.006,0.0008,0.0099,0.03,0.03,0.005,0.005,0.03,484,547,29.4,79.8,-52,-74,Low
AlTi,0.074,1.41,0.27,0.007,0.006,0.0047,0.0088,0.03,0.03,0.005,0.005,0.03,442,514,32.2,81.6,-31,-57,Low
AlTi,0.071,1.36,0.39,0.005,0.009,0.016,0.0092,0.03,0.03,0.005,0.005,0.03,481,545,30.6,81.4,-56,-68,Low
AlTi,0.069,1.36,0.45,0.005,0.008,0.028,0.0063,0.03,0.03,0.005,0.005,0.03,474,540,28,80.7,-61,-68,Low
AlTi,0.069,1.39,0.51,0.004,0.008,0.048,0.0069,0.03,0.03,0.005,0.005,0.03,466,533,27.2,77,-54,-70,Low
AlTi,0.072,1.4,0.57,0.004,0.008,0.064,0.008,0.03,0.03,0.005,0.005,0.03,486,555,26.6,78,-41,-68,Low
AlTi,0.081,1.54,0.34,0.007,0.008,0.0003,0.018,0.03,0.03,0.005,0.005,0.03,502,555,26.6,78.9,-52,-67,Low
AlTi,0.072,1.32,0.24,0.006,0.008,0.0047,0.018,0.03,0.03,0.005,0.005,0.03,452,535,30.7,78.9,-35,-54,Low
AlTi,0.072,1.33,0.34,0.006,0.008,0.015,0.019,0.03,0.03,0.005,0.005,0.03,467,522,29.2,77,-52,-64,Low
AlTi,0.074,1.36,0.41,0.005,0.005,0.032,0.026,0.03,0.03,0.005,0.005,0.03,514,570,23.6,77,-47,-63,Low
AlTi,0.066,1.41,0.46,0.004,0.009,0.044,0.024,0.03,0.03,0.005,0.005,0.03,522,580,24,76,-42,-68,Low
AlTi,0.066,1.33,0.44,0.004,0.008,0.068,0.024,0.03,0.03,0.005,0.005,0.03,522,591,23.8,71.9,-42,-76,Low
AlTi,0.069,1.49,0.43,0.004,0.005,0.0001,0.046,0.03,0.03,0.005,0.005,0.03,535,594,26,79.8,-60,-78,Low
AlTi,0.071,1.44,0.36,0.007,0.005,0.0067,0.046,0.03,0.03,0.005,0.005,0.03,522,583,22,78.9,-48,-69,Low
AlTi,0.071,1.39,0.42,0.007,0.005,0.015,0.042,0.03,0.03,0.005,0.005,0.03,531,587,25.2,78,-56,-74,Low
AlTi,0.071,1.44,0.52,0.005,0.005,0.03,0.046,0.03,0.03,0.005,0.005,0.03,538,604,23.2,77,-49,-65,Low
AlTi,0.069,1.41,0.54,0.005,0.005,0.042,0.046,0.03,0.03,0.005,0.005,0.03,561,622,26,77,-43,-63,Low
AlTi,0.067,1.4,0.57,0.005,0.005,0.05,0.045,0.03,0.03,0.005,0.005,0.03,547,616,22.6,75,-44,-76,Low
AMoTi,0.073,0.64,0.34,0.008,0.007,0.0005,0.0007,0.03,0.03,0.005,0.005,0.03,404,494,32.4,76,-46,-70,Low
AMoTi,0.073,0.64,0.35,0.005,0.004,0.0005,0.0038,0.03,0.03,0.005,0.005,0.03,402,494,33.3,77.5,-45,-70,Low
AMoTi,0.074,0.67,0.35,0.008,0.007,0.0005,0.0095,0.03,0.03,0.005,0.005,0.03,396,492,30.2,78,-40,-59,Low
AMoTi,0.078,0.68,0.38,0.009,0.007,0.0005,0.016,0.03,0.03,0.005,0.005,0.03,410,494,31.4,78.9,-36,-58,Low
AMoTi,0.079,0.73,0.44,0.006,0.008,0.0005,0.024,0.03,0.03,0.005,0.005,0.03,440,523,31.4,77,-40,-64,Low
AMoTi,0.073,0.66,0.31,0.006,0.008,0.0005,0.0005,0.03,0.03,0.24,0.005,0.03,433,518,26,78.9,-61,-87,Low
AMoTi,0.069,0.68,0.33,0.006,0.008,0.0005,0.0036,0.03,0.03,0.24,0.005,0.03,436,519,24.6,78.9,-58,-82,Low
AMoTi,0.07,0.66,0.31,0.005,0.007,0.0005,0.0087,0.03,0.03,0.24,0.005,0.03,441,525,25.2,78.9,-42,-60,Low
AMoTi,0.073,0.68,0.37,0.005,0.008,0.0005,0.018,0.03,0.03,0.23,0.005,0.03,455,545,24.2,78.9,-43,-58,Low
AMoTi,0.078,0.73,0.42,0.005,0.009,0.0005,0.022,0.03,0.03,0.23,0.005,0.03,470,556,27.4,78.9,-45,-64,Low
AMoTi,0.077,0.66,0.3,0.007,0.007,0.0005,0.0005,0.03,0.03,0.5,0.005,0.03,470,559,24.6,75,-42,-76,Low
AMoTi,0.073,0.66,0.34,0.007,0.007,0.0005,0.0042,0.03,0.03,0.5,0.005,0.03,483,565,27.2,78,-48,-65,Low
AMoTi,0.074,0.67,0.33,0.007,0.007,0.0005,0.0094,0.03,0.03,0.51,0.005,0.03,477,560,23.8,77,-33,-57,Low
AMoTi,0.079,0.7,0.39,0.006,0.007,0.0005,0.017,0.03,0.03,0.51,0.005,0.03,505,581,24.6,76,-38,-56,Low
AMoTi,0.083,0.72,0.44,0.005,0.006,0.0005,0.027,0.03,0.03,0.5,0.005,0.03,504,597,22.4,77,-38,-55,Low
AMoTi,0.075,0.63,0.3,0.008,0.008,0.0005,0.0005,0.03,0.03,1.03,0.005,0.03,528,619,20.6,73,7,-57,Low
AMoTi,0.072,0.66,0.32,0.007,0.007,0.0005,0.004,0.03,0.03,1.03,0.005,0.03,565,644,23.6,76,-33,-66,Low
AMoTi,0.075,0.67,0.32,0.007,0.007,0.0005,0.0095,0.03,0.03,1.01,0.005,0.03,565,651,19.2,73,-12,-36,Low
AMoTi,0.08,0.69,0.38,0.007,0.006,0.0005,0.017,0.03,0.03,1.02,0.005,0.03,576,659,20.6,74,-8,-45,Low
AMoTi,0.081,0.71,0.45,0.006,0.007,0.0005,0.028,0.03,0.03,1.03,0.005,0.03,606,694,21,74,-14,-46,Low
ANiTi,0.073,0.64,0.34,0.008,0.007,0.0005,0.0007,0.03,0.03,0.005,0.005,0.03,404,494,32.4,76,-46,-70,Low
ANiTi,0.073,0.64,0.35,0.005,0.004,0.0005,0.0038,0.03,0.03,0.005,0.005,0.03,402,494,33.3,77.5,-45,-70,Low
ANiTi,0.074,0.67,0.35,0.008,0.007,0.0005,0.0095,0.03,0.03,0.005,0.005,0.03,396,492,30.2,78,-40,-59,Low
ANiTi,0.078,0.68,0.38,0.009,0.007,0.0005,0.016,0.03,0.03,0.005,0.005,0.03,410,494,31.4,78.9,-36,-58,Low
ANiTi,0.079,0.73,0.44,0.006,0.008,0.0006,0.024,0.03,0.03,0.005,0.005,0.03,440,523,31.4,77,-40,-64,Low
ANiTi,0.064,0.63,0.3,0.006,0.008,0.0007,0.0005,0.03,0.92,0.005,0.005,0.03,423,501,31.8,77,-63,-88,Low
ANiTi,0.063,0.65,0.31,0.006,0.009,0.0008,0.0038,0.03,0.88,0.005,0.005,0.03,432,513,29.6,78.9,-66,-81,Low
ANiTi,0.067,0.64,0.34,0.006,0.008,0.0009,0.0096,0.03,0.87,0.005,0.005,0.03,429,512,30.8,78.9,-53,-74,Low
ANiTi,0.07,0.67,0.34,0.005,0.008,0.001,0.0165,0.03,0.89,0.005,0.005,0.03,449,525,30,78.9,-49,-69,Low
ANiTi,0.07,0.66,0.4,0.005,0.01,0.0011,0.024,0.03,0.89,0.005,0.005,0.03,452,534,28.4,78.9,-50,-72,Low
ANiTi,0.065,0.61,0.26,0.007,0.007,0.0012,0.0005,0.03,2.14,0.005,0.005,0.03,443,528,32.4,76,-65,-95,Low
ANiTi,0.064,0.61,0.27,0.007,0.007,0.0013,0.0032,0.03,2.17,0.005,0.005,0.03,461,537,28,78.9,-83,-113,Low
ANiTi,0.064,0.6,0.27,0.006,0.007,0.0014,0.008,0.03,2.13,0.005,0.005,0.03,473,547,32.4,77,-77,-96,Low
ANiTi,0.07,0.64,0.31,0.006,0.007,0.0015,0.015,0.03,2.1,0.005,0.005,0.03,474,562,27.2,78.9,-72,-100,Low
ANiTi,0.074,0.63,0.36,0.006,0.006,0.0016,0.022,0.03,2.04,0.005,0.005,0.03,495,562,28,78,-67,-99,Low
ANiTi,0.062,0.62,0.29,0.007,0.007,0.0017,0.0006,0.03,3.01,0.005,0.005,0.03,457,543,27.6,77,-65,-98,Low
ANiTi,0.057,0.65,0.3,0.007,0.007,0.0018,0.0036,0.03,3.03,0.005,0.005,0.03,477,557,29.4,78,-85,-114,Low
ANiTi,0.059,0.63,0.31,0.007,0.007,0.0019,0.0082,0.03,3,0.005,0.005,0.03,489,571,30.2,78,-75,-102,Low
ANiTi,0.065,0.65,0.35,0.007,0.006,0.002,0.015,0.03,3,0.005,0.005,0.03,490,576,30.2,77.5,-74,-112,Low
ANiTi,0.069,0.67,0.39,0.006,0.011,0.0021,0.022,0.03,2.96,0.005,0.005,0.03,533,599,27,78,-75,-105,Low
ANiTi,0.054,0.66,0.31,0.007,0.007,0.0022,0.0008,0.03,5.37,0.005,0.005,0.03,591,655,20.4,68.6,-65,43,Low
ANiTi,0.057,0.66,0.32,0.007,0.008,0.0023,0.0048,0.03,5.43,0.005,0.005,0.03,609,665,22.8,73,-69,58,Low
ANiTi,0.058,0.62,0.3,0.007,0.007,0.0024,0.0107,0.03,5.38,0.005,0.005,0.03,611,671,22.6,73,-81,77,Low
ANiTi,0.063,0.66,0.35,0.006,0.006,0.0025,0.0177,0.03,5.48,0.005,0.005,0.03,627,695,20.6,73,-72,53,Low
ANiTi,0.063,0.65,0.37,0.006,0.007,0.0005,0.0236,0.03,5.45,0.005,0.005,0.03,643,705,19.4,69.7,-73,62,Low
ACoNb,0.063,0.64,0.36,0.007,0.007,0.0005,0.0005,0.03,0.03,0.005,0.005,0.03,407,481,29.6,77,-53,-78,Low
ACoNb,0.061,0.64,0.35,0.007,0.011,0.0005,0.0005,0.03,0.03,0.005,0.005,0.03,440,515,27.2,77,-49,-67,Low
ACoNb,0.061,0.66,0.34,0.007,0.008,0.0005,0.0005,0.03,0.03,0.005,0.005,0.03,471,532,23.8,76,-44,-67,Low
ACoNb,0.064,0.66,0.32,0.008,0.009,0.0005,0.0005,0.03,0.03,0.005,0.005,0.03,517,572,23.8,75,-21,-48,Low
ACoNb,0.062,0.67,0.33,0.008,0.011,0.0005,0.0005,0.03,0.03,0.005,0.005,0.03,567,616,22.6,74,-2,-34,Low
ACoNb,0.07,1.59,0.33,0.006,0.007,0.0005,0.0005,0.03,0.03,0.005,0.005,0.03,458,548,27,77,-24,-42,Low
ACoNb,0.07,1.54,0.31,0.007,0.008,0.0005,0.0005,0.03,0.03,0.005,0.005,0.03,509,586,26.4,76,-35,-68,Low
ACoNb,0.07,1.55,0.3,0.007,0.008,0.0005,0.0005,0.03,0.03,0.005,0.005,0.03,561,613,22.2,75,-33,-69,Low
ACoNb,0.069,1.57,0.3,0.007,0.008,0.0005,0.0005,0.03,0.03,0.005,0.005,0.03,577,637,20.6,75,-19,-59,Low
ACoNb,0.068,1.56,0.31,0.007,0.009,0.0005,0.0005,0.03,0.03,0.005,0.005,0.03,657,705,18.6,71.9,-2,-32,Low
ACoV,0.063,0.64,0.36,0.007,0.007,0.0005,0.0005,0.03,0.03,0.005,0.005,0.03,407,481,29.6,77,-53,-78,Low
ACoV,0.065,0.65,0.32,0.008,0.008,0.0005,0.0005,0.03,0.03,0.005,0.19,0.03,417,489,29.2,77,-56,-78,Low
ACoV,0.063,0.67,0.3,0.007,0.008,0.0005,0.0005,0.03,0.03,0.005,0.4,0.03,436,507,27.4,78,-53,-75,Low
ACoV,0.064,0.64,0.32,0.007,0.008,0.0005,0.0005,0.03,0.03,0.005,0.59,0.03,472,523,24.8,73.9,-47,-74,Low
ACoV,0.065,0.65,0.32,0.007,0.008,0.0005,0.0005,0.03,0.03,0.005,0.79,0.03,492,540,25.6,76,-45,-69,Low
ACoV,0.07,1.59,0.33,0.006,0.007,0.0005,0.0005,0.03,0.03,0.005,0.005,0.03,458,548,27,77,-24,-42,Low
ACoV,0.068,1.46,0.29,0.007,0.009,0.0005,0.0005,0.03,0.03,0.005,0.25,0.03,484,550,23.8,78,-45,-72,Low
ACoV,0.067,1.47,0.29,0.007,0.008,0.0005,0.0005,0.03,0.03,0.005,0.41,0.03,484,566,23.6,76,-48,-82,Low
ACoV,0.068,1.48,0.3,0.007,0.009,0.0005,0.0005,0.03,0.03,0.005,0.61,0.03,534,584,23.6,75.5,-57,-84,Low
ACoV,0.064,1.46,0.29,0.006,0.009,0.0005,0.0005,0.03,0.03,0.005,0.83,0.03,535,590,21.2,75.5,-44,-77,Low
AoPlus,0.073,0.64,0.34,0.008,0.007,0.0005,0.0007,0.03,0.03,0.005,0.005,0.03,404,494,32.4,76,-46,-70,Low
AoPlus,0.064,0.63,0.3,0.006,0.008,0.0005,0.0005,0.03,0.92,0.005,0.005,0.03,423,501,31.8,77,-63,-88,Low
AoPlus,0.065,0.61,0.26,0.007,0.007,0.0005,0.0005,0.03,2.14,0.005,0.005,0.03,443,528,32.4,76,-65,-95,Low
AoPlus,0.062,0.62,0.29,0.007,0.007,0.0005,0.0006,0.03,3.01,0.005,0.005,0.03,457,543,27.6,77,-65,-98,Low
AoPlus,0.07,0.66,0.31,0.006,0.008,0.0005,0.0005,0.03,0.03,0.24,0.005,0.03,433,518,26,78.9,-61,-87,Low
AoPlus,0.073,0.66,0.34,0.007,0.007,0.0005,0.0005,0.03,0.03,0.5,0.005,0.03,470,559,24.6,75,-42,-76,Low
AoPlus,0.075,0.63,0.3,0.008,0.008,0.0005,0.0005,0.03,0.03,1.03,0.005,0.03,528,619,20.6,73,7,-57,Low
AoPlus,0.07,0.65,0.35,0.008,0.01,0.0005,0.0005,1.01,0.03,0.005,0.005,0.03,481,559,22,75,-40,-68,Low
AoPlus,0.074,0.58,0.25,0.008,0.01,0.0005,0.0004,1.59,0.03,0.005,0.005,0.03,494,593,19,71.9,-22,-48,Low
AoPlus,0.076,0.64,0.28,0.008,0.008,0.0005,0.0008,2.1,0.03,0.005,0.005,0.03,565,660,-,68.6,26,-40,Low
AoPlus,0.068,0.62,0.28,0.008,0.007,0.0005,0.0005,0.03,0.03,0.005,0.005,0.5,391,468,29.4,77,-63,-86,Low
AoPlus,0.065,0.62,0.3,0.007,0.009,0.0005,0.0004,0.03,0.03,0.005,0.005,1.03,439,509,31.6,78.9,-54,-87,Low
AoPlus,0.064,0.64,0.32,0.007,0.008,0.0005,0.0004,0.03,0.03,0.005,0.005,1.6,504,565,26.6,73,-24,-70,Low
AO-Ti,0.073,0.64,0.34,0.008,0.007,0.0005,0.0007,0.03,0.03,0.005,0.005,0.03,404,494,32.4,76,-46,-70,Low
AO-Ti,0.073,0.64,0.35,0.005,0.004,0.0005,0.0038,0.03,0.03,0.005,0.005,0.03,402,494,33.3,77.5,-45,-70,Low
AO-Ti,0.074,0.67,0.35,0.008,0.007,0.0005,0.0095,0.03,0.03,0.005,0.005,0.03,396,492,30.2,78,-40,-59,Low
AO-Ti,0.078,0.68,0.38,0.009,0.007,0.0005,0.016,0.03,0.03,0.005,0.005,0.03,410,494,31.4,78.9,-36,-58,Low
AO-Ti,0.079,0.73,0.44,0.006,0.008,0.0005,0.024,0.03,0.03,0.005,0.005,0.03,440,523,31.4,77,-40,-64,Low
AO-Ti,0.067,0.62,0.31,0.005,0.004,0.0005,0.0005,0.03,0.03,0.005,0.005,0.03,384,461,31.2,78.9,-62,-77,Low
AO-Ti,0.068,0.63,0.29,0.005,0.005,0.0005,0.0032,0.03,0.03,0.005,0.005,0.03,390,459,28,80.7,-60,-77,Low
AO-Ti,0.066,0.58,0.21,0.005,0.005,0.0005,0.0075,0.03,0.03,0.005,0.005,0.03,376,447,30.4,78.5,-54,-68,Low
AO-Ti,0.066,0.56,0.21,0.004,0.005,0.0005,0.012,0.03,0.03,0.005,0.005,0.03,373,450,34.4,80.7,-52,-68,Low
AO-Ti,0.064,0.54,0.21,0.005,0.005,0.0005,0.015,0.03,0.03,0.005,0.005,0.03,387,452,28.8,80.7,-41,-52,Low
AO-Ti,0.07,0.59,0.37,0.004,0.005,0.0005,0.0002,0.03,0.03,0.005,0.005,0.03,370,452,32,84,-68,-84,Low
AO-Ti,0.068,0.59,0.37,0.004,0.007,0.0005,0.0051,0.03,0.03,0.005,0.005,0.03,379,461,34,80.7,-58,-72,Low
AO-Ti,0.053,0.56,0.27,0.003,0.005,0.0005,0.0075,0.03,0.03,0.005,0.005,0.03,379,455,34,80.7,-53,-71,Low
AO-Ti,0.067,0.51,0.21,0.004,0.005,0.0005,0.011,0.03,0.03,0.005,0.005,0.03,373,453,33,77.9,-53,-69,Low
AO-Ti,0.065,0.48,0.2,0.003,0.004,0.0005,0.015,0.03,0.03,0.005,0.005,0.03,364,450,33.4,78.9,-46,-54,Low
Aplus,0.073,0.64,0.35,0.005,0.004,0.0005,0.0038,0.03,0.03,0.005,0.005,0.03,402,494,33.3,77.5,-45,-70,Low
Aplus,0.063,0.65,0.31,0.006,0.009,0.0005,0.0038,0.03,0.88,0.005,0.005,0.03,423,501,31.8,77,-63,-88,Low
Aplus,0.064,0.61,0.27,0.007,0.007,0.0005,0.0032,0.03,2.17,0.005,0.005,0.03,461,537,28,78.9,-83,-113,Low
Aplus,0.067,0.65,0.3,0.007,0.007,0.0005,0.0036,0.03,3.03,0.005,0.005,0.03,477,557,29.4,78,-85,-114,Low
Aplus,0.069,0.68,0.33,0.006,0.008,0.0005,0.0036,0.03,0.03,0.24,0.005,0.03,436,519,24.6,78.6,-58,-82,Low
Aplus,0.073,0.66,0.34,0.007,0.007,0.0005,0.0042,0.03,0.03,0.5,0.005,0.03,483,565,27.2,78,-48,-65,Low
Aplus,0.072,0.66,0.32,0.007,0.007,0.0005,0.004,0.03,0.03,1.03,0.005,0.03,565,644,23.6,76,-33,-66,Low
Aplus,0.077,0.66,0.32,0.008,0.01,0.0005,0.0034,1.03,0.03,0.005,0.005,0.03,490,558,21,77.9,-35,-54,Low
Aplus,0.078,0.62,0.26,0.007,0.005,0.0005,0.0029,1.6,0.03,0.005,0.005,0.03,509,596,17,74,-8,-35,Low
Aplus,0.078,0.64,0.28,0.008,0.007,0.0005,0.0042,2.15,0.03,0.005,0.005,0.03,598,685,18,68.6,8,-33,Low
Aplus,0.063,0.64,0.3,0.008,0.008,0.0005,0.0043,0.03,0.03,0.005,0.005,0.53,417,498,29.2,78.9,-62,-94,Low
Aplus,0.064,0.63,0.3,0.007,0.007,0.0005,0.0042,0.03,0.03,0.005,0.005,1.05,429,497,26.6,77,-58,-94,Low
Aplus,0.066,0.67,0.37,0.006,0.008,0.0005,0.0051,0.03,0.03,0.005,0.005,1.44,516,568,28.8,75,-43,-77,Low
20 As,0.073,1.52,0.33,0.009,0.014,0.0005,0.0039,0.03,0.03,0.005,0.005,0.03,472,554,28.4,77.6,-71,-91,Low
290,0.074,1.53,0.31,0.011,0.011,0.0005,0.0038,0.03,0.03,0.005,0.005,0.03,466,550,28.1,75.2,-68,-90,Low
570,0.067,1.48,0.28,0.01,0.012,0.0005,0.0039,0.03,0.03,0.005,0.005,0.03,461,540,29.5,76.6,-65,-85,Low
870,0.065,1.43,0.26,0.01,0.011,0.0005,0.0038,0.03,0.03,0.005,0.005,0.03,460,543,27,78.5,-62,-87,Low
1000,0.069,1.45,0.29,0.01,0.012,0.0005,0.0034,0.03,0.03,0.005,0.005,0.03,477,549,27.6,74.7,-64,-92,Low
BN,0.073,1.51,0.3,0.007,0.007,0.0005,0.0005,0.03,0.03,0.005,0.005,0.03,462,539,28.7,77.9,-15,-47,Low
BN,0.067,1.53,0.27,0.008,0.007,0.0005,0.0002,0.03,0.03,0.005,0.005,0.03,461,530,26.5,77.5,-11,-48,Low
BN,0.071,1.58,0.29,0.007,0.006,0.0005,0.0002,0.03,0.03,0.005,0.005,0.03,462,537,27.6,74.6,-14,-55,Low
BN,0.066,1.48,0.33,0.008,0.007,0.0005,0.0005,0.03,0.03,0.005,0.005,0.03,467,542,22.1,76,-22,-63,Low
BN,0.066,1.48,0.37,0.008,0.008,0.0005,0.0005,0.03,0.03,0.005,0.005,0.03,431,521,24.3,75.3,-37,-72,Low
BN,0.068,1.53,0.39,0.008,0.007,0.0005,0.0005,0.03,0.03,0.005,0.005,0.03,470,547,21.1,73.2,-50,-92,Low
BN,0.064,1.49,0.4,0.007,0.005,0.0005,0.0005,0.03,0.03,0.005,0.005,0.03,478,561,22.2,73.6,-34,-75,Low
BN,0.074,1.58,0.28,0.008,0.008,0.0005,0.0005,0.03,0.03,0.005,0.005,0.03,473,566,24,77,5,-24,Low
BN,0.074,1.6,0.31,0.007,0.008,0.0005,0.0005,0.03,0.03,0.005,0.005,0.03,475,565,25.7,73.4,6,-23,Low
BN,0.077,1.55,0.32,0.007,0.008,0.0005,0.0005,0.03,0.03,0.005,0.005,0.03,492,571,25.4,72.2,6,-31,Low
BN,0.074,1.59,0.35,0.007,0.008,0.0005,0.0005,0.03,0.03,0.005,0.005,0.03,468,571,24.8,72,-2,-39,Low
BN,0.075,1.58,0.33,0.007,0.008,0.0005,0.0005,0.03,0.03,0.005,0.005,0.03,462,544,25,75.6,-16,-47,Low
BN,0.082,1.6,0.36,0.007,0.008,0.0005,0.0005,0.03,0.03,0.005,0.005,0.03,474,549,24.7,73.3,-29,-62,Low
BN,0.07,1.55,0.39,0.007,0.007,0.0005,0.0007,0.03,0.03,0.005,0.005,0.03,474,562,21.3,67.4,-52,-84,Low
BN,0.073,1.66,0.27,0.009,0.008,0.0005,0.0005,0.03,0.03,0.005,0.005,0.03,505,607,24,76,20,-16,Low
BN,0.078,1.6,0.3,0.007,0.007,0.0005,0.0005,0.03,0.03,0.005,0.005,0.03,506,600,23.3,72.1,18,-12,Low
BN,0.083,1.59,0.31,0.007,0.008,0.0005,0.0005,0.03,0.03,0.005,0.005,0.03,501,586,22.7,73.4,15,-21,Low
BN,0.079,1.58,0.34,0.007,0.007,0.0005,0.0005,0.03,0.03,0.005,0.005,0.03,493,580,22.9,71,13,-28,Low
BN,0.071,1.6,0.36,0.007,0.008,0.0005,0.0005,0.03,0.03,0.005,0.005,0.03,482,564,23.5,71.7,8,-33,Low
BN,0.078,1.58,0.38,0.007,0.007,0.0005,0.0005,0.03,0.03,0.005,0.005,0.03,470,555,24.9,73.4,1,-46,Low
BN,0.064,1.43,0.36,0.008,0.008,0.0005,0.0005,0.03,0.03,0.005,0.005,0.03,439,528,22.4,70.8,-13,-44,Low
CB,0.076,1.68,0.29,0.005,0.005,0.0005,0.0004,0.03,0.03,0.005,0.005,0.03,500,542,30.2,77.4,-47,-64,Low
CB,0.069,1.67,0.3,0.005,0.005,0.0005,0.0004,0.03,0.03,0.005,0.005,0.03,497,532,26.4,76.5,-39,-62,Low
CB,0.07,1.61,0.33,0.005,0.005,0.0005,0.0005,0.03,0.03,0.005,0.005,0.03,477,528,29,77.8,-45,-58,Low
CB,0.069,1.57,0.41,0.004,0.006,0.0005,0.0005,0.03,0.03,0.005,0.005,0.03,420,522,23.6,78.9,-64,-82,Low
CB,0.07,1.59,0.49,0.005,0.007,0.0005,0.0005,0.03,0.03,0.005,0.005,0.03,490,579,22,78.9,-38,-67,Low
CB,0.073,1.51,0.3,0.007,0.007,0.0005,0.0005,0.03,0.03,0.005,0.005,0.03,462,539,28.7,77.9,-15,-47,Low
CB,0.067,1.53,0.27,0.008,0.007,0.0005,0.0002,0.03,0.03,0.005,0.005,0.03,461,530,26.5,77.5,-11,-48,Low
CB,0.071,1.58,0.29,0.007,0.006,0.0005,0.0002,0.03,0.03,0.005,0.005,0.03,462,537,27.6,74.6,-14,-55,Low
CB,0.066,1.48,0.33,0.008,0.007,0.0005,0.0005,0.03,0.03,0.005,0.005,0.03,467,542,22.1,76,-22,-63,Low
CB,0.066,1.48,0.37,0.008,0.008,0.0005,0.0005,0.03,0.03,0.005,0.005,0.03,431,521,24.3,75.3,-37,-72,Low
CB,0.068,1.53,0.39,0.008,0.007,0.0005,0.0005,0.03,0.03,0.005,0.005,0.03,470,547,21.1,73.2,-50,-92,Low
CB,0.064,1.49,0.4,0.007,0.005,0.0005,0.0005,0.03,0.03,0.005,0.005,0.03,478,561,22.2,73.6,-34,-75,Low
CB,0.074,1.46,0.28,0.008,0.008,0.0005,0.0035,0.03,0.03,0.005,0.005,0.03,460,533,27.6,78.9,-68,-88,Low
CB,0.068,1.51,0.34,0.007,0.008,0.0005,0.0033,0.03,0.03,0.005,0.005,0.03,514,575,25,75.7,-60,-96,Low
CB,0.065,1.48,0.35,0.007,0.007,0.0005,0.0034,0.03,0.03,0.005,0.005,0.03,479,540,26,75.5,-55,-84,Low
CB,0.064,1.43,0.36,0.007,0.007,0.0005,0.0036,0.03,0.03,0.005,0.005,0.03,479,533,25.2,74.7,-65,-93,Low
CB,0.067,1.45,0.31,0.008,0.008,0.0005,0.0038,0.03,0.03,0.005,0.005,0.03,477,545,22.5,74.7,-60,-90,Low
CB,0.066,1.44,0.39,0.007,0.009,0.0005,0.0045,0.03,0.03,0.005,0.005,0.03,460,557,23.1,73.6,-50,-78,Low
CB,0.074,1.45,0.3,0.007,0.009,0.0005,0.012,0.03,0.03,0.005,0.005,0.03,480,538,27.8,79.8,-43,-59,Low
CB,0.071,1.55,0.35,0.007,0.01,0.0005,0.013,0.03,0.03,0.005,0.005,0.03,512,560,26.2,78.4,-57,-77,Low
CB,0.071,1.53,0.34,0.007,0.01,0.0005,0.011,0.03,0.03,0.005,0.005,0.03,486,540,27.6,74.3,-56,-79,Low
CB,0.068,1.45,0.34,0.008,0.009,0.0005,0.013,0.03,0.03,0.005,0.005,0.03,488,554,25.4,74.2,-65,-86,Low
CB,0.066,1.43,0.33,0.008,0.009,0.0005,0.012,0.03,0.03,0.005,0.005,0.03,486,570,23.9,72.1,-59,-83,Low
CB,0.067,1.41,0.36,0.009,0.009,0.0005,0.012,0.03,0.03,0.005,0.005,0.03,479,554,24.6,74.5,-40,-54,Low
CB,0.072,1.5,0.38,0.006,0.01,0.0005,0.026,0.03,0.03,0.005,0.005,0.03,509,578,26.4,78.9,-56,-72,Low
CB,0.07,1.48,0.43,0.007,0.01,0.0005,0.026,0.03,0.03,0.005,0.005,0.03,529,581,25.6,78,-72,-93,Low
CB,0.07,1.53,0.42,0.007,0.009,0.0005,0.029,0.03,0.03,0.005,0.005,0.03,501,564,25.8,75.1,-82,-98,Low
CB,0.066,1.45,0.39,0.006,0.008,0.0005,0.027,0.03,0.03,0.005,0.005,0.03,497,559,28,75.8,-81,-96,Low
CB,0.074,1.42,0.38,0.006,0.009,0.0005,0.027,0.03,0.03,0.005,0.005,0.03,494,572,26.7,77.9,-69,-92,Low
CB,0.069,1.36,0.37,0.007,0.009,0.0005,0.025,0.03,0.03,0.005,0.005,0.03,479,563,25.6,73.5,-52,-79,Low
CB,0.069,1.47,0.45,0.005,0.006,0.0005,0.041,0.03,0.03,0.005,0.005,0.03,504,577,25.8,79.8,-61,-77,Low
CB,0.077,1.56,0.39,0.006,0.011,0.0005,0.04,0.03,0.03,0.005,0.005,0.03,558,616,23.6,74.3,-77,-94,Low
CB,0.074,1.5,0.39,0.006,0.009,0.0005,0.041,0.03,0.03,0.005,0.005,0.03,548,590,25.4,75,-79,-100,Low
CB,0.075,1.49,0.37,0.006,0.01,0.0005,0.037,0.03,0.03,0.005,0.005,0.03,546,594,25.8,73,-81,-107,Low
CB,0.075,1.5,0.4,0.006,0.01,0.0005,0.039,0.03,0.03,0.005,0.005,0.03,514,571,28,79,-83,-108,Low
CB,0.077,1.53,0.42,0.006,0.01,0.0005,0.043,0.03,0.03,0.005,0.005,0.03,547,601,25,74.2,-62,-96,Low
CB,0.073,1.52,0.4,0.006,0.011,0.0005,0.039,0.03,0.03,0.005,0.005,0.03,517,586,22.5,77.7,-53,-80,Low
CB,0.074,1.5,0.47,0.006,0.01,0.0005,0.058,0.03,0.03,0.005,0.005,0.03,546,615,22.7,75.8,-56,-69,Low
CB,0.079,1.54,0.48,0.006,0.01,0.0005,0.061,0.03,0.03,0.005,0.005,0.03,545,617,25.4,76.9,-74,-100,Low
CB,0.073,1.54,0.48,0.006,0.01,0.0005,0.052,0.03,0.03,0.005,0.005,0.03,516,590,26.2,75,-76,-103,Low
CB,0.075,1.52,0.45,0.005,0.009,0.0005,0.061,0.03,0.03,0.005,0.005,0.03,539,610,20.6,71.3,-65,-87,Low
CB,0.07,1.48,0.42,0.006,0.009,0.0005,0.061,0.03,0.03,0.005,0.005,0.03,556,609,22.2,74.2,-55,-84,Low
CB,0.067,1.49,0.4,0.005,0.009,0.0005,0.064,0.03,0.03,0.005,0.005,0.03,549,605,24.3,73,-42,-64,Low
CB,0.074,1.48,0.39,0.005,0.009,0.0005,0.066,0.03,0.03,0.005,0.005,0.03,538,606,23.7,73.4,-26,-44,Low
CMn,0.045,0.65,0.3,0.006,0.008,0.0005,0.0055,0.03,0.03,0.005,0.12,0.03,406,462,35.4,78.8,-29,-39,Low
CMn,0.044,0.98,0.32,0.006,0.008,0.0005,0.0055,0.03,0.03,0.005,0.12,0.03,432,481,35.8,78.8,-40,-63,Low
CMn,0.044,1.32,0.32,0.006,0.007,0.0005,0.0055,0.03,0.03,0.005,0.12,0.03,451,512,32,78.8,-61,-70,Low
CMn,0.045,1.72,0.3,0.006,0.008,0.0005,0.0055,0.03,0.03,0.005,0.12,0.03,488,549,29.6,76,-51,-75,Low
CMn,0.059,0.6,0.33,0.007,0.008,0.0005,0.0055,0.03,0.03,0.005,0.12,0.03,407,483,31.2,80.6,-36,-50,Low
CMn,0.063,1,0.35,0.006,0.008,0.0005,0.0055,0.03,0.03,0.005,0.12,0.03,451,516,32.4,80.6,-46,-66,Low
CMn,0.066,1.35,0.37,0.005,0.007,0.0005,0.0055,0.03,0.03,0.005,0.12,0.03,469,545,29.2,78.8,-60,-73,Low
CMn,0.07,1.77,0.33,0.006,0.008,0.0005,0.0055,0.03,0.03,0.005,0.12,0.03,511,588,28.4,77.9,-58,-78,Low
CMn,0.099,0.65,0.35,0.008,0.009,0.0005,0.0055,0.03,0.03,0.005,0.12,0.03,433,512,31.8,78.8,-33,-54,Low
CMn,0.098,1.05,0.32,0.007,0.009,0.0005,0.0055,0.03,0.03,0.005,0.12,0.03,477,546,30,78.8,-44,-65,Low
CMn,0.096,1.29,0.3,0.007,0.009,0.0005,0.0055,0.03,0.03,0.005,0.12,0.03,506,576,30.8,77.9,-62,-75,Low
CMn,0.093,1.65,0.33,0.007,0.007,0.0005,0.0055,0.03,0.03,0.005,0.12,0.03,535,602,27.8,74,-58,-79,Low
CMn,0.147,0.63,0.4,0.008,0.007,0.0005,0.0055,0.03,0.03,0.005,0.12,0.03,480,569,32.8,76,-36,-55,Low
CMn,0.152,1,0.41,0.007,0.007,0.0005,0.0055,0.03,0.03,0.005,0.12,0.03,517,605,27.4,75,-36,-72,Low
CMn,0.148,1.4,0.38,0.007,0.007,0.0005,0.0055,0.03,0.03,0.005,0.12,0.03,536,636,27.4,75.7,-53,-79,Low
CMn,0.141,1.76,0.36,0.006,0.007,0.0005,0.0055,0.03,0.03,0.005,0.12,0.03,606,691,25.6,71.9,-48,-82,Low
CoPlus,0.078,1.43,0.26,0.006,0.006,0.0005,0.0005,0.03,0.03,0.005,0.005,0.03,434,526,29.2,78,-18,-43,Low
CoPlus,0.073,1.39,0.28,0.007,0.007,0.0005,0.0005,0.03,0.95,0.005,0.005,0.03,470,550,26,78,-13,-48,Low
CoPlus,0.071,1.48,0.26,0.007,0.012,0.0005,0.0005,0.03,2.28,0.005,0.005,0.03,512,605,21.7,75,-20,-61,Low
CoPlus,0.073,1.43,0.24,0.008,0.006,0.0005,0.0005,0.03,3.12,0.005,0.005,0.03,573,666,16,70.8,-12,-64,Low
CoPlus,0.076,1.53,0.28,0.008,0.006,0.0005,0.0005,0.03,0.03,0.25,0.005,0.03,474,570,20.4,77,-24,-61,Low
CoPlus,0.076,1.45,0.25,0.008,0.006,0.0005,0.0005,0.03,0.03,0.5,0.005,0.03,523,610,19.4,75,-4,-50,Low
CoPlus,0.076,1.41,0.24,0.008,0.006,0.0005,0.0005,0.03,0.03,1.11,0.005,0.03,594,699,19.2,68.6,26,-50,Low
CoPlus,0.08,1.48,0.28,0.007,0.006,0.0005,0.0005,1.07,0.03,0.005,0.005,0.03,570,658,18,68.6,-20,-70,Low
CoPlus,0.075,1.48,0.28,0.007,0.005,0.0005,0.0005,1.55,0.03,0.005,0.005,0.03,591,687,17.8,69.7,6,-55,Low
CoPlus,0.076,1.44,0.28,0.007,0.007,0.0005,0.0005,1.96,0.03,0.005,0.005,0.03,637,730,18.5,68.6,24,-50,Low
CoPlus,0.08,1.47,0.24,0.007,0.007,0.0005,0.0005,0.03,0.03,0.005,0.005,0.55,453,535,26.6,78.9,-10,-36,Low
CoPlus,0.075,1.41,0.24,0.006,0.008,0.0005,0.0005,0.03,0.03,0.005,0.005,1.06,492,566,25,75,-4,-48,Low
CoPlus,0.074,1.36,0.22,0.008,0.01,0.0005,0.0005,0.03,0.03,0.005,0.005,1.63,559,638,23.2,70.8,23,-30,Low
Cplus,0.074,1.46,0.28,0.008,0.008,0.0005,0.0035,0.03,0.03,0.005,0.005,0.03,460,533,27.6,78.9,-68,-88,Low
Cplus,0.076,1.48,0.25,0.008,0.006,0.0005,0.0033,0.03,0.95,0.005,0.005,0.03,498,551,27.2,78.9,-62,-94,Low
Cplus,0.068,1.46,0.27,0.008,0.007,0.0005,0.0034,0.03,2.24,0.005,0.005,0.03,555,622,25.6,78,-58,-102,Low
Cplus,0.075,1.46,0.26,0.008,0.006,0.0005,0.0032,0.03,3.15,0.005,0.005,0.03,604,680,20,71.9,-49,-95,Low
Cplus,0.076,1.49,0.26,0.008,0.008,0.0005,0.0034,0.03,0.03,0.25,0.005,0.03,560,600,25,77,-69,-86,Low
Cplus,0.075,1.46,0.26,0.008,0.007,0.0005,0.0031,0.03,0.03,0.5,0.005,0.03,596,642,21,74,-56,-90,Low
Cplus,0.075,1.44,0.25,0.008,0.008,0.0005,0.0031,0.03,0.03,1.07,0.005,0.03,650,720,20,70.8,-39,-85,Low
Cplus,0.079,1.56,0.3,0.007,0.011,0.0005,0.0027,1.03,0.03,0.005,0.005,0.03,624,672,20,73,-58,-84,Low
Cplus,0.073,1.53,0.29,0.007,0.01,0.0005,0.0027,1.53,0.03,0.005,0.005,0.03,650,710,18.4,73,-38,-79,Low
Cplus,0.078,1.48,0.29,0.007,0.01,0.0005,0.0028,1.96,0.03,0.005,0.005,0.03,706,772,16,67.5,-6,-70,Low
Cplus,0.076,1.48,0.27,0.007,0.008,0.0005,0.0022,0.03,0.03,0.005,0.005,0.53,495,557,27.6,78.9,-57,-93,Low
Cplus,0.077,1.43,0.25,0.007,0.008,0.0005,0.0019,0.03,0.03,0.005,0.005,1.08,487,563,27.4,77.4,-48,-85,Low
Cplus,0.069,1.37,0.25,0.007,0.009,0.0005,0.0023,0.03,0.03,0.005,0.005,1.6,570,625,25.8,75,-15,-67,Low
CrMo,0.068,1.06,0.35,0.006,0.009,0.0005,0.0038,0.03,0.03,0.005,0.005,0.03,424,501,31,79.8,-62,-78,Low
CrMo,0.071,1.09,0.36,0.006,0.009,0.0005,0.0041,0.41,0.03,0.005,0.005,0.03,468,541,26.6,79.8,-61,-85,Low
CrMo,0.072,1.05,0.35,0.005,0.007,0.0005,0.0037,0.79,0.03,0.005,0.005,0.03,503,568,22.8,79.8,-63,-85,Low
CrMo,0.075,1.09,0.35,0.006,0.008,0.0005,0.0052,1.22,0.03,0.005,0.005,0.03,584,645,20.6,75,-57,-81,Low
CrMo,0.07,1.06,0.34,0.006,0.008,0.0005,0.0041,1.57,0.03,0.005,0.005,0.03,582,657,18.8,70.8,-40,-82,Low
CrMo,0.073,1.07,0.34,0.006,0.007,0.0005,0.004,1.97,0.03,0.005,0.005,0.03,608,696,17.4,70.8,-25,-70,Low
CrMo,0.077,1.05,0.35,0.006,0.008,0.0005,0.0037,2.28,0.03,0.005,0.005,0.03,667,767,17.6,65.2,0,-66,Low
CrMo,0.072,1.09,0.38,0.006,0.009,0.0005,0.0033,2.8,0.03,0.005,0.005,0.03,742,808,15.4,66.8,19,-47,Low
CrMo,0.071,1.11,0.34,0.007,0.01,0.0005,0.0042,0.03,0.03,1.06,0.005,0.03,624,704,20.8,70.7,-24,-91,Low
CrMo,0.075,1.1,0.34,0.007,0.009,0.0005,0.0043,0.92,0.03,1.1,0.005,0.03,715,797,19.7,68,-4,-57,Low
CrMo,0.081,1.12,0.35,0.007,0.009,0.0005,0.0038,1.81,0.03,1.07,0.005,0.03,801,898,20,65.1,28,-58,High
CrMo,0.085,1.09,0.36,0.007,0.009,0.0005,0.0037,2.59,0.03,1.03,0.005,0.03,839,965,17.1,60,,-60,High
CrMo,0.083,1.11,0.36,0.007,0.01,0.0005,0.0035,3.01,0.03,1.05,0.005,0.03,870,1028,16.6,62.1,,-41,High
CrMo,0.09,1.14,0.38,0.007,0.01,0.0005,0.0037,3.5,0.03,1.05,0.005,0.03,897,1055,15,56.1,,-50,High
CrMo,0.063,1.07,0.37,0.006,0.008,0.0005,0.0042,0.03,0.03,1.14,0.015,0.03,615,692,21.5,72.1,-22,-74,Low
CrMo,0.067,1.04,0.36,0.006,0.008,0.0005,0.004,0.83,0.03,1.14,0.017,0.03,730,810,20.2,69,,-55,Low
CrMo,0.067,1.05,0.36,0.006,0.008,0.0005,0.0041,1.64,0.03,1.15,0.021,0.03,826,922,18.6,64.5,,-60,High
CrMo,0.067,1.09,0.38,0.006,0.008,0.0005,0.0038,2.49,0.03,1.13,0.023,0.03,900,1010,15.5,59.3,,-49,High
CrMo,0.069,1.07,0.39,0.006,0.008,0.0005,0.0042,2.82,0.03,1.13,0.025,0.03,875,1026,16.7,59.8,,-28,High
CrMo,0.073,1.11,0.41,0.006,0.008,0.0005,0.0039,3.23,0.03,1.12,0.026,0.03,852,1047,16.7,58.5,,-12,High
CrMo,0.059,1.01,0.34,0.007,0.008,0.0005,0.0034,0.03,0.03,1.16,2.799,0.03,787,835,17.7,66.5,,4,High
CrMo,0.063,1.02,0.35,0.007,0.008,0.0005,0.0034,0.86,0.03,1.15,2.808,0.03,863,922,17.4,63.7,,27,High
CrMo,0.066,1.05,0.37,0.007,0.008,0.0005,0.0039,1.68,0.03,1.15,2.873,0.03,929,1008,16.7,63,,34,High
CrMo,0.066,1.04,0.37,0.006,0.008,0.0005,0.0034,2.49,0.03,1.16,2.703,0.03,962,1050,15.5,60.9,,40,High
CrMo,0.077,1.06,0.39,0.006,0.008,0.0005,0.0039,2.91,0.03,1.14,2.817,0.03,1026,1114,17.3,60.1,,36,High
CrMo,0.068,1.04,0.38,0.006,0.008,0.0005,0.0036,3.29,0.03,1.13,2.767,0.03,1018,1123,14,58.6,,53,High
Cu,0.074,1.51,0.36,0.008,0.011,0.0005,0.004,0.03,0.03,0.005,0.12,0.02,484,560,26.6,78.8,-66,-84,Low
Cu,0.075,1.48,0.36,0.007,0.006,0.0005,0.004,0.03,0.03,0.005,0.12,0.11,502,578,27.6,77,-66,-91,Low
Cu,0.074,1.42,0.32,0.008,0.007,0.0005,0.004,0.03,0.03,0.005,0.12,0.19,488,566,28.2,77,-70,-84,Low
Cu,0.076,1.48,0.33,0.007,0.006,0.0005,0.004,0.03,0.03,0.005,0.12,0.35,504,586,27.6,77,-60,-84,Low
Cu,0.068,1.49,0.32,0.006,0.006,0.0005,0.004,0.03,0.03,0.005,0.12,0.66,513,593,28.6,77,-60,-91,Low
Cu,0.076,1.49,0.36,0.006,0.006,0.0005,0.004,0.03,0.03,0.005,0.12,1.4,568,647,27.4,73,-41,-82,Low
O,0.074,1.4,0.25,0.008,0.007,0.0006,0.0001,0.03,0.03,0.005,0.005,0.03,445,528,28.2,78,-14,-42,Low
W,0.077,1.46,0.27,0.008,0.007,0.0005,0.0028,0.03,0.03,0.005,0.005,0.03,471,544,25.2,77,-68,-88,Low
X,0.069,1.47,0.45,0.005,0.006,0.0001,0.041,0.03,0.03,0.005,0.005,0.03,504,577,25.8,79.8,-61,-77,Low
Y,0.07,1.57,0.45,0.006,0.01,0.0013,0.039,0.03,0.03,0.005,0.005,0.03,546,594,25.8,73,-84,-114,Low
Z,0.072,1.56,0.49,0.007,0.01,0.016,0.042,0.03,0.03,0.005,0.005,0.03,610,640,27.2,73.4,-83,-100,Low
T,0.064,1.49,0.4,0.007,0.005,0.0005,0.0005,0.03,0.03,0.005,0.005,0.03,478,561,22.2,73.6,-34,-75,Low
U,0.073,1.52,0.4,0.006,0.011,0.0005,0.039,0.03,0.03,0.005,0.005,0.03,517,586,22.5,77.7,-53,-80,Low
V,0.078,1.44,0.6,0.006,0.007,0.058,0.054,0.03,0.03,0.005,0.005,0.03,668,732,20.3,69.7,-12,-46,Low
O1,0.074,1.58,0.28,0.008,0.008,0.0005,0.0005,0.03,0.03,0.005,0.005,0.03,473,566,24,77,5,-24,Low
W1,0.068,1.4,0.28,0.01,0.008,0.0005,0.0031,0.03,0.03,0.005,0.005,0.03,482,545,28,78.9,-41,-63,Low
X1,0.066,1.48,0.47,0.007,0.011,0.0005,0.041,0.03,0.03,0.005,0.005,0.03,584,639,23,75,-44,-72,Low
Y1,0.069,1.48,0.34,0.007,0.01,0.0005,0.037,0.03,0.03,0.005,0.005,0.03,532,585,26.8,74,-48,-73,Low
Z1,0.07,1.45,0.43,0.006,0.01,0.017,0.047,0.03,0.03,0.005,0.005,0.03,532,584,28.4,77,-43,-63,Low
T1,0.07,1.55,0.39,0.007,0.007,0.0006,0.0007,0.03,0.03,0.005,0.005,0.03,474,562,21.3,67.4,-52,-84,Low
U1,0.066,1.39,0.35,0.006,0.009,0.0005,0.036,0.03,0.03,0.005,0.005,0.03,489,557,23.2,73.3,-67,-89,Low
V1,0.067,1.44,0.63,0.005,0.01,0.056,0.048,0.03,0.03,0.005,0.005,0.03,571,644,25.4,73.5,-64,-93,Low
O2,0.073,1.66,0.27,0.009,0.008,0.0005,0.0005,0.03,0.03,0.005,0.005,0.03,505,607,24,76,20,-16,Low
W2,0.069,1.45,0.26,0.01,0.009,0.0002,0.0029,0.03,0.03,0.005,0.005,0.03,492,581,25.8,77.9,-24,-48,Low
X2,0.068,1.46,0.47,0.007,0.006,0.0005,0.045,0.03,0.03,0.005,0.005,0.03,578,631,24.6,78,-30,-58,Low
Y2,0.069,1.51,0.36,0.007,0.008,0.0005,0.041,0.03,0.03,0.005,0.005,0.03,539,605,23.9,71.6,-24,-56,Low
Z2,0.068,1.45,0.5,0.006,0.011,0.018,0.047,0.03,0.03,0.005,0.005,0.03,493,583,26.8,69.2,13,-18,Low
T2,0.064,1.43,0.36,0.008,0.008,0.0005,0.0005,0.03,0.03,0.005,0.005,0.03,439,528,22.4,70.8,-13,-44,Low
U2,0.066,1.4,0.36,0.007,0.012,0.0005,0.039,0.03,0.03,0.005,0.005,0.03,474,541,27.8,72.6,-52,-81,Low
V2,0.069,1.42,0.6,0.006,0.012,0.056,0.043,0.03,0.03,0.005,0.005,0.03,529,591,25.6,73.8,-45,-70,Low
MnCr,0.035,0.66,0.3,0.006,0.013,0.0005,0.0055,0.03,0.03,0.005,0.12,0.03,392,466,31.9,80.6,-27,-43,Low
MnCr,0.038,1,0.3,0.005,0.014,0.0005,0.0055,0.03,0.03,0.005,0.12,0.03,413,498,31.2,80.6,-48,-62,Low
MnCr,0.049,1.42,0.34,0.005,0.013,0.0005,0.0055,0.03,0.03,0.005,0.12,0.03,468,551,29.4,78.7,-52,-73,Low
MnCr,0.051,1.82,0.34,0.006,0.017,0.0005,0.0055,0.03,0.03,0.005,0.12,0.03,514,588,28,76.8,-46,-79,Low
MnCr,0.038,0.66,0.33,0.007,0.015,0.0005,0.0055,0.24,0.03,0.005,0.12,0.03,422,496,30.4,87.8,-25,-28,Low
MnCr,0.041,1.01,0.33,0.007,0.013,0.0005,0.0055,0.26,0.03,0.005,0.12,0.03,463,532,30,77.8,-40,-55,Low
MnCr,0.042,1.46,0.34,0.006,0.015,0.0005,0.0055,0.27,0.03,0.005,0.12,0.03,500,575,28,78.8,-46,-65,Low
MnCr,0.047,1.85,0.35,0.006,0.015,0.0005,0.0055,0.27,0.03,0.005,0.12,0.03,567,622,26,75,-38,-68,Low
MnCr,0.04,0.61,0.33,0.005,0.01,0.0005,0.0055,0.51,0.03,0.005,0.12,0.03,446,510,32.2,78.8,-16,-35,Low
MnCr,0.042,0.96,0.32,0.008,0.01,0.0005,0.0055,0.54,0.03,0.005,0.12,0.03,494,545,29.6,77,-44,-68,Low
MnCr,0.046,1.4,0.35,0.006,0.01,0.0005,0.0055,0.54,0.03,0.005,0.12,0.03,543,603,28.2,77,-44,-74,Low
MnCr,0.05,1.82,0.32,0.005,0.016,0.0005,0.0055,0.52,0.03,0.005,0.12,0.03,617,674,23,70.2,-35,-76,Low
MnCr,0.041,0.59,0.28,0.008,0.012,0.0005,0.0055,1,0.03,0.005,0.12,0.03,472,531,25.8,77.8,-11,-33,Low
MnCr,0.045,0.97,0.32,0.007,0.013,0.0005,0.0055,1.05,0.03,0.005,0.12,0.03,531,592,24.6,76,-42,-66,Low
MnCr,0.048,1.36,0.33,0.008,0.012,0.0005,0.0055,1.07,0.03,0.005,0.12,0.03,626,676,24.4,70.9,-40,-71,Low
MnCr,0.05,1.84,0.35,0.007,0.011,0.0005,0.0055,1.07,0.03,0.005,0.12,0.03,692,723,21.6,70.9,-28,-71,Low
MnCr,0.042,0.58,0.27,0.009,0.011,0.0005,0.0055,2.32,0.03,0.005,0.12,0.03,587,652,21.4,72,9,-31,Low
MnCr,0.048,0.92,0.29,0.008,0.012,0.0005,0.0055,2.35,0.03,0.005,0.12,0.03,655,722,19.6,67.5,15,-36,Low
MnCr,0.05,1.29,0.31,0.007,0.009,0.0005,0.0055,2.26,0.03,0.005,0.12,0.03,738,789,20,67,10,-41,Low
MnCr,0.053,1.74,0.34,0.007,0.014,0.0005,0.0055,2.3,0.03,0.005,0.12,0.03,808,865,18.2,65.2,25,-44,High
MnMo,0.035,0.66,0.3,0.006,0.013,0.0005,0.0055,0.03,0.03,0.005,0.12,0.03,392,466,31.9,80.6,-27,-43,Low
MnMo,0.038,1,0.3,0.005,0.014,0.0005,0.0055,0.03,0.03,0.005,0.12,0.03,413,498,31.2,80.6,-47,-60,Low
MnMo,0.049,1.42,0.34,0.005,0.013,0.0005,0.0055,0.03,0.03,0.005,0.12,0.03,468,551,29.4,78.7,-54,-74,Low
MnMo,0.051,1.82,0.34,0.006,0.017,0.0005,0.0055,0.03,0.03,0.005,0.12,0.03,514,588,28,76.8,-49,-80,Low
MnMo,0.035,0.64,0.33,0.008,0.011,0.0005,0.0055,0.03,0.03,0.22,0.12,0.03,428,490,27.8,79.7,-38,-55,Low
MnMo,0.04,1.02,0.32,0.008,0.012,0.0005,0.0055,0.03,0.03,0.28,0.12,0.03,458,530,26.8,78.8,-54,-71,Low
MnMo,0.045,1.4,0.31,0.008,0.013,0.0005,0.0055,0.03,0.03,0.25,0.12,0.03,539,589,28.8,77.7,-54,-76,Low
MnMo,0.048,1.86,0.34,0.008,0.014,0.0005,0.0055,0.03,0.03,0.29,0.12,0.03,595,650,26.2,74.6,-47,-80,Low
MnMo,0.038,0.63,0.3,0.009,0.012,0.0005,0.0055,0.03,0.03,0.5,0.12,0.03,455,536,27.4,76,-27,-47,Low
MnMo,0.039,0.95,0.28,0.008,0.013,0.0005,0.0055,0.03,0.03,0.51,0.12,0.03,501,571,25.6,76,-40,-59,Low
MnMo,0.045,1.43,0.33,0.008,0.014,0.0005,0.0055,0.03,0.03,0.5,0.12,0.03,577,632,25.2,76,-42,-69,Low
MnMo,0.05,1.81,0.33,0.008,0.014,0.0005,0.0055,0.03,0.03,0.5,0.12,0.03,624,679,22.8,71.9,-31,-79,Low
MnMo,0.042,0.64,0.3,0.01,0.01,0.0005,0.0055,0.03,0.03,1.11,0.12,0.03,550,623,24.6,74,-4,-42,Low
MnMo,0.044,1.01,0.33,0.008,0.012,0.0005,0.0055,0.03,0.03,1.11,0.12,0.03,618,684,24.4,72.9,-24,-58,Low
MnMo,0.049,1.37,0.34,0.008,0.013,0.0005,0.0055,0.03,0.03,1.12,0.12,0.03,675,731,22.6,71.9,-24,-69,Low
MnMo,0.048,1.76,0.33,0.008,0.015,0.0005,0.0055,0.03,0.03,1.15,0.12,0.03,720,765,21.6,70.8,-13,-70,Low
MnNb,0.073,0.64,0.35,0.005,0.004,0.0005,0.0038,0.03,0.03,0.005,0.003,0.03,402,494,33.3,77.5,-45,-70,Low
MnNb,0.073,0.63,0.34,0.005,0.004,0.0005,0.0041,0.03,0.03,0.005,0.003,0.03,450,532,28,76,-34,-56,Low
MnNb,0.075,0.61,0.33,0.005,0.004,0.0005,0.0042,0.03,0.03,0.005,0.003,0.03,474,553,26.8,80.7,-22,-45,Low
MnNb,0.069,0.64,0.33,0.006,0.003,0.0005,0.0042,0.03,0.03,0.005,0.003,0.03,522,580,25,76,-7,-38,Low
MnNb,0.075,0.65,0.33,0.009,0.005,0.0005,0.0039,0.03,0.03,0.005,0.003,0.03,549,614,24,70.8,13,-16,Low
MnNb,0.077,1.02,0.35,0.007,0.005,0.0005,0.0041,0.03,0.03,0.005,0.004,0.03,443,522,31.1,77,-60,-84,Low
MnNb,0.077,1.01,0.34,0.007,0.005,0.0005,0.0036,0.03,0.03,0.005,0.004,0.03,480,557,25.4,75,-42,-71,Low
MnNb,0.073,1.01,0.35,0.007,0.005,0.0005,0.0037,0.03,0.03,0.005,0.005,0.03,513,594,28,76,-38,-58,Low
MnNb,0.072,0.99,0.34,0.008,0.006,0.0005,0.0037,0.03,0.03,0.005,0.004,0.03,553,618,22.8,74,-11,-40,Low
MnNb,0.072,1.03,0.35,0.006,0.006,0.0005,0.0037,0.03,0.03,0.005,0.005,0.03,615,655,20.2,72.9,14,-23,Low
MnNb,0.077,1.33,0.31,0.007,0.005,0.0005,0.0038,0.03,0.03,0.005,0.004,0.03,463,541,27.1,75.9,-68,-89,Low
MnNb,0.077,1.37,0.32,0.007,0.006,0.0005,0.0034,0.03,0.03,0.005,0.004,0.03,505,586,25.8,77.9,-55,-82,Low
MnNb,0.073,1.37,0.3,0.009,0.005,0.0005,0.0033,0.03,0.03,0.005,0.004,0.03,540,597,26.4,76,-45,-73,Low
MnNb,0.074,1.38,0.31,0.007,0.007,0.0005,0.0032,0.03,0.03,0.005,0.004,0.03,586,641,24.2,76,-23,-53,Low
MnNb,0.073,1.35,0.29,0.005,0.007,0.0005,0.0033,0.03,0.03,0.005,0.005,0.03,610,685,20.6,71.9,-1,-33,Low
MnNb,0.076,1.74,0.29,0.008,0.006,0.0005,0.0035,0.03,0.03,0.005,0.004,0.03,500,571,28.8,77,-62,-90,Low
MnNb,0.074,1.74,0.3,0.006,0.006,0.0005,0.0031,0.03,0.03,0.005,0.004,0.03,540,614,22,75.9,-54,-86,Low
MnNb,0.076,1.72,0.28,0.006,0.007,0.0005,0.0032,0.03,0.03,0.005,0.004,0.03,575,635,22.6,74,-42,-68,Low
MnNb,0.077,1.75,0.28,0.008,0.01,0.0005,0.0031,0.03,0.03,0.005,0.004,0.03,606,660,22,74,-26,-62,Low
MnNb,0.078,1.75,0.28,0.006,0.007,0.0005,0.0033,0.03,0.03,0.005,0.004,0.03,654,708,19.2,70.8,-6,-45,Low
MnNi,0.035,0.66,0.3,0.006,0.013,0.0005,0.0055,0.03,0.03,0.005,0.12,0.03,392,466,31.9,80.6,-26,-43,Low
MnNi,0.038,1,0.3,0.005,0.014,0.0005,0.0055,0.03,0.03,0.005,0.12,0.03,413,498,31.2,80.6,-47,-60,Low
MnNi,0.049,1.42,0.34,0.005,0.013,0.0005,0.0055,0.03,0.03,0.005,0.12,0.03,468,551,29.4,78.7,-52,-74,Low
MnNi,0.051,1.82,0.34,0.006,0.017,0.0005,0.0055,0.03,0.03,0.005,0.12,0.03,514,588,28,76.8,-49,-80,Low
MnNi,0.039,0.67,0.31,0.006,0.011,0.0005,0.0055,0.03,0.49,0.005,0.12,0.03,411,484,32.6,79.3,-33,-52,Low
MnNi,0.039,1,0.3,0.006,0.01,0.0005,0.0055,0.03,0.5,0.005,0.12,0.03,464,522,29.6,77.8,-42,-65,Low
MnNi,0.055,1.44,0.31,0.006,0.014,0.0005,0.0055,0.03,0.47,0.005,0.12,0.03,509,568,28.6,76.9,-54,-85,Low
MnNi,0.046,1.85,0.3,0.006,0.017,0.0005,0.0055,0.03,0.49,0.005,0.12,0.03,547,618,26,74.9,-43,-85,Low
MnNi,0.038,0.65,0.31,0.007,0.01,0.0005,0.0055,0.03,1.12,0.005,0.12,0.03,423,497,30.6,78.8,-37,-57,Low
MnNi,0.042,1,0.33,0.007,0.012,0.0005,0.0055,0.03,1.1,0.005,0.12,0.03,475,541,29.6,77.9,-55,-75,Low
MnNi,0.05,1.43,0.34,0.008,0.011,0.0005,0.0055,0.03,1.06,0.005,0.12,0.03,498,569,28.4,78.8,-57,-86,Low
MnNi,0.053,1.86,0.35,0.007,0.012,0.0005,0.0055,0.03,1.04,0.005,0.12,0.03,566,641,26.4,76,-38,-90,Low
MnNi,0.039,0.65,0.3,0.006,0.012,0.0005,0.0055,0.03,2.32,0.005,0.12,0.03,466,538,30.6,77.8,-49,-83,Low
MnNi,0.041,0.99,0.32,0.006,0.015,0.0005,0.0055,0.03,2.32,0.005,0.12,0.03,489,567,30.6,76.9,-58,-98,Low
MnNi,0.047,1.46,0.33,0.007,0.016,0.0005,0.0055,0.03,2.33,0.005,0.12,0.03,567,635,23.6,72.7,-37,-88,Low
MnNi,0.04,1.88,0.33,0.007,0.018,0.0005,0.0055,0.03,2.3,0.005,0.12,0.03,621,684,23.5,73.9,-4,-76,Low
MnNi,0.038,0.67,0.29,0.01,0.012,0.0005,0.0055,0.03,3.49,0.005,0.12,0.03,479,561,30.4,76.6,-61,-106,Low
MnNi,0.042,1,0.3,0.008,0.012,0.0005,0.0055,0.03,3.49,0.005,0.12,0.03,525,605,27.6,76,-48,-95,Low
MnNi,0.052,1.44,0.3,0.007,0.013,0.0005,0.0055,0.03,3.46,0.005,0.12,0.03,621,682,25.4,72.9,-17,-92,Low
MnNi,0.053,1.85,0.36,0.007,0.013,0.0005,0.0055,0.03,3.41,0.005,0.12,0.03,692,753,22.2,69.7,24,-50,Low
MnOx,0.073,0.64,0.34,0.008,0.007,0.0005,0.0005,0.03,0.03,0.005,0.005,0.03,404,494,32.4,76,-46,-70,Low
MnOx,0.077,1,0.3,0.008,0.007,0.0005,0.0005,0.03,0.03,0.005,0.005,0.03,409,504,30.6,77,-56,-83,Low
MnOx,0.076,1.33,0.31,0.008,0.006,0.0005,0.0005,0.03,0.03,0.005,0.005,0.03,420,523,26.4,77,-29,-49,Low
MnOx,0.077,1.82,0.28,0.007,0.006,0.0005,0.0005,0.03,0.03,0.005,0.005,0.03,458,568,28.6,76,-5,-40,Low
MnOx,0.07,0.58,0.29,0.007,0.009,0.0005,0.0005,0.03,0.03,0.005,0.005,0.03,390,476,29.6,74,-52,-75,Low
MnOx,0.072,0.92,0.3,0.007,0.009,0.0005,0.0005,0.03,0.03,0.005,0.005,0.03,423,493,29.6,78,-66,-81,Low
MnOx,0.071,1.24,0.28,0.006,0.007,0.0005,0.0005,0.03,0.03,0.005,0.005,0.03,411,510,29,78,-37,-68,Low
MnOx,0.075,1.52,0.27,0.006,0.008,0.0005,0.0005,0.03,0.03,0.005,0.005,0.03,429,528,26,77,-11,-46,Low
MnOx,0.076,0.61,0.34,0.005,0.009,0.0005,0.0005,0.03,0.03,0.005,0.005,0.03,390,475,28.2,78.9,-57,-75,Low
MnOx,0.08,1.02,0.32,0.005,0.009,0.0005,0.0005,0.03,0.03,0.005,0.005,0.03,418,502,30,78.9,-70,-95,Low
MnOx,0.076,1.34,0.26,0.005,0.009,0.0005,0.0005,0.03,0.03,0.005,0.005,0.03,428,519,25.6,78.9,-38,-58,Low
MnOx,0.075,1.78,0.24,0.005,0.01,0.0005,0.0005,0.03,0.03,0.005,0.005,0.03,466,555,26.2,78,-24,-53,Low
MnOx,0.076,0.58,0.36,0.004,0.008,0.0005,0.0005,0.03,0.03,0.005,0.005,0.03,397,486,28.6,79.8,-61,-77,Low
MnOx,0.08,0.94,0.32,0.004,0.007,0.0005,0.0005,0.03,0.03,0.005,0.005,0.03,400,494,28.8,78.9,-73,-88,Low
MnOx,0.08,1.38,0.28,0.004,0.006,0.0005,0.0005,0.03,0.03,0.005,0.005,0.03,441,538,25,79.8,-48,-64,Low
MnOx,0.084,1.61,0.3,0.004,0.003,0.0005,0.0005,0.03,0.03,0.005,0.005,0.03,448,529,26,78.9,-40,-64,Low
MnSi,0.058,0.59,0.2,0.007,0.007,0.0005,0.0037,0.03,0.03,0.005,0.005,0.03,391,453,34,79.7,-42,-56,Low
MnSi,0.064,1,0.2,0.007,0.006,0.0005,0.0051,0.03,0.03,0.005,0.005,0.03,424,483,32.6,79.7,-58,-71,Low
MnSi,0.066,1.37,0.2,0.007,0.006,0.0005,0.005,0.03,0.03,0.005,0.005,0.03,451,513,31.8,80.6,-65,-77,Low
MnSi,0.064,1.79,0.2,0.007,0.005,0.0005,0.007,0.03,0.03,0.005,0.005,0.03,497,551,29,79.6,-65,-85,Low
MnSi,0.076,0.66,0.42,0.007,0.007,0.0005,0.006,0.03,0.03,0.005,0.005,0.03,423,491,34.2,79.7,-32,-49,Low
MnSi,0.065,1.02,0.38,0.007,0.007,0.0005,0.0067,0.03,0.03,0.005,0.005,0.03,462,518,30.2,80.6,-45,-62,Low
MnSi,0.066,1.42,0.37,0.007,0.008,0.0005,0.0075,0.03,0.03,0.005,0.005,0.03,494,548,30.6,78.8,-62,-81,Low
MnSi,0.066,1.82,0.37,0.007,0.008,0.0005,0.0083,0.03,0.03,0.005,0.005,0.03,533,591,28.6,78.8,-62,-93,Low
MnSi,0.067,0.64,0.62,0.007,0.008,0.0005,0.0074,0.03,0.03,0.005,0.005,0.03,444,505,33.2,78.8,-20,-37,Low
MnSi,0.061,1.03,0.64,0.007,0.008,0.0005,0.0079,0.03,0.03,0.005,0.005,0.03,470,534,30.6,79.7,-36,-54,Low
MnSi,0.075,1.43,0.66,0.006,0.007,0.0005,0.008,0.03,0.03,0.005,0.005,0.03,519,582,29,76.9,-56,-75,Low
MnSi,0.068,1.77,0.61,0.006,0.007,0.0005,0.0094,0.03,0.03,0.005,0.005,0.03,559,612,28.8,75.9,-61,-86,Low
MnSi,0.073,0.63,0.94,0.008,0.009,0.0005,0.01,0.03,0.03,0.005,0.005,0.03,476,548,28.2,73,-18,-47,Low
MnSi,0.068,1,0.94,0.006,0.01,0.0005,0.011,0.03,0.03,0.005,0.005,0.03,485,570,29.2,77,-27,-53,Low
MnSi,0.064,1.36,0.92,0.006,0.009,0.0005,0.011,0.03,0.03,0.005,0.005,0.03,515,603,28.6,77.9,-36,-63,Low
MnSi,0.067,1.76,0.91,0.006,0.007,0.0005,0.012,0.03,0.03,0.005,0.005,0.03,559,639,28.8,76.9,-47,-82,Low
Mn,0.035,0.66,0.3,0.006,0.013,0.0005,0.0055,0.03,0.03,0.005,0.12,0.03,392,466,31.9,80.6,-27,-41,Low
Mn,0.038,1,0.3,0.005,0.014,0.0005,0.0055,0.03,0.03,0.005,0.12,0.03,413,498,31.2,80.6,-44,-59,Low
Mn,0.049,1.42,0.34,0.005,0.013,0.0005,0.0055,0.03,0.03,0.005,0.12,0.03,468,551,29.4,78.7,-53,-73,Low
Mn,0.051,1.82,0.34,0.006,0.017,0.0005,0.0055,0.03,0.03,0.005,0.12,0.03,514,588,28,76.8,-43,-85,Low
MnTi,0.073,0.64,0.34,0.008,0.007,0.0005,0.0007,0.03,0.03,0.005,0.005,0.03,404,494,32.4,76,-46,-70,Low
MnTi,0.073,0.64,0.35,0.005,0.004,0.0005,0.0038,0.03,0.03,0.005,0.005,0.03,402,494,33.3,77.5,-45,-70,Low
MnTi,0.074,0.67,0.35,0.008,0.007,0.0005,0.0095,0.03,0.03,0.005,0.005,0.03,396,492,30.2,78,-40,-59,Low
MnTi,0.078,0.68,0.38,0.009,0.007,0.0005,0.016,0.03,0.03,0.005,0.005,0.03,410,494,31.4,78.9,-36,-58,Low
MnTi,0.079,0.73,0.44,0.006,0.008,0.0005,0.024,0.03,0.03,0.005,0.005,0.03,440,523,31.4,77,-40,-64,Low
MnTi,0.077,1,0.3,0.008,0.007,0.0005,0.0009,0.03,0.03,0.005,0.005,0.03,409,504,30.6,77,-56,-83,Low
MnTi,0.077,1.02,0.35,0.007,0.005,0.0005,0.0041,0.03,0.03,0.005,0.005,0.03,443,522,31.1,77,-60,-84,Low
MnTi,0.076,1.04,0.3,0.007,0.007,0.0005,0.0092,0.03,0.03,0.005,0.005,0.03,427,516,32,78.9,-53,-73,Low
MnTi,0.074,1.05,0.35,0.007,0.007,0.0005,0.014,0.03,0.03,0.005,0.005,0.03,434,517,30.8,78.9,-45,-63,Low
MnTi,0.078,1.13,0.43,0.007,0.005,0.0005,0.018,0.03,0.03,0.005,0.005,0.03,456,545,29,78.9,-50,-72,Low
MnTi,0.076,1.33,0.31,0.008,0.006,0.0005,0.0004,0.03,0.03,0.005,0.005,0.03,420,523,26.4,77,-29,-49,Low
MnTi,0.077,1.33,0.31,0.007,0.005,0.0005,0.0038,0.03,0.03,0.005,0.005,0.03,463,541,27.1,75.9,-68,-89,Low
MnTi,0.074,1.33,0.31,0.008,0.007,0.0005,0.0076,0.03,0.03,0.005,0.005,0.03,450,522,29.4,78.9,-52,-67,Low
MnTi,0.082,1.37,0.33,0.008,0.007,0.0005,0.014,0.03,0.03,0.005,0.005,0.03,464,544,29.4,78.9,-44,-67,Low
MnTi,0.08,1.38,0.39,0.007,0.006,0.0005,0.021,0.03,0.03,0.005,0.005,0.03,485,559,28,80.7,-54,-74,Low
MnTi,0.077,1.82,0.28,0.007,0.006,0.0005,0.0008,0.03,0.03,0.005,0.005,0.03,458,568,28.6,76,-5,-40,Low
MnTi,0.076,1.74,0.29,0.008,0.006,0.0005,0.0035,0.03,0.03,0.005,0.005,0.03,500,571,28.8,77,-62,-90,Low
MnTi,0.074,1.78,0.28,0.007,0.007,0.0005,0.011,0.03,0.03,0.005,0.005,0.03,484,577,26.2,77.9,-54,-82,Low
MnTi,0.076,1.88,0.33,0.006,0.007,0.0005,0.017,0.03,0.03,0.005,0.005,0.03,510,590,27.4,79.7,-52,-82,Low
MnTi,0.079,1.84,0.36,0.006,0.007,0.0005,0.026,0.03,0.03,0.005,0.005,0.03,536,612,25.4,76,-53,-79,Low
MnV,0.073,0.64,0.35,0.005,0.004,0.0005,0.0038,0.03,0.03,0.005,0.003,0.03,402,494,33.3,77.5,-45,-70,Low
MnV,0.071,0.64,0.36,0.006,0.006,0.0005,0.0043,0.03,0.03,0.005,0.22,0.03,436,513,29.2,77,-43,-62,Low
MnV,0.071,0.64,0.44,0.008,0.005,0.0005,0.0036,0.03,0.03,0.005,0.45,0.03,478,546,28.2,78,-43,-63,Low
MnV,0.073,0.62,0.37,0.008,0.005,0.0005,0.0031,0.03,0.03,0.005,0.61,0.03,488,548,25.6,77.5,-42,-60,Low
MnV,0.072,0.64,0.37,0.008,0.005,0.0005,0.0034,0.03,0.03,0.005,0.83,0.03,490,563,25.2,77,-40,-59,Low
MnV,0.077,1.02,0.35,0.007,0.005,0.0005,0.0041,0.03,0.03,0.005,0.004,0.03,443,522,31.1,77,-60,-84,Low
MnV,0.074,1.02,0.37,0.007,0.005,0.0005,0.0037,0.03,0.03,0.005,0.24,0.03,456,534,25,79.6,-69,-86,Low
MnV,0.075,1.05,0.34,0.007,0.005,0.0005,0.0032,0.03,0.03,0.005,0.46,0.03,505,570,24.8,77.4,-63,-86,Low
MnV,0.074,1.03,0.32,0.007,0.006,0.0005,0.0031,0.03,0.03,0.005,0.61,0.03,509,576,25.6,77.4,-59,-85,Low
MnV,0.077,1.06,0.33,0.008,0.006,0.0005,0.0034,0.03,0.03,0.005,0.84,0.03,538,592,25.2,74,-60,-78,Low
MnV,0.077,1.33,0.31,0.007,0.005,0.0005,0.0038,0.03,0.03,0.005,0.004,0.03,463,541,27.1,75.9,-68,-89,Low
MnV,0.072,1.2,0.33,0.008,0.006,0.0005,0.0029,0.03,0.03,0.005,0.19,0.03,486,545,29.6,78.2,-66,-87,Low
MnV,0.078,1.35,0.27,0.007,0.006,0.0005,0.0029,0.03,0.03,0.005,0.43,0.03,536,590,24.4,78.1,-70,-94,Low
MnV,0.078,1.34,0.32,0.007,0.007,0.0005,0.003,0.03,0.03,0.005,0.6,0.03,521,589,22.6,76,-70,-89,Low
MnV,0.076,1.35,0.26,0.007,0.006,0.0005,0.0029,0.03,0.03,0.005,0.99,0.03,599,638,20.8,74,-55,-83,Low
MnV,0.076,1.74,0.29,0.008,0.006,0.0005,0.0035,0.03,0.03,0.005,0.004,0.03,500,571,28.8,77,-62,-90,Low
MnV,0.079,1.72,0.26,0.006,0.007,0.0005,0.0027,0.03,0.03,0.005,0.24,0.03,543,607,23.2,77,-62,-88,Low
MnV,0.076,1.71,0.27,0.007,0.007,0.0005,0.0025,0.03,0.03,0.005,0.4,0.03,578,617,21.8,75,-67,-90,Low
MnV,0.078,1.71,0.26,0.005,0.007,0.0005,0.0025,0.03,0.03,0.005,0.6,0.03,589,650,21.6,75,-64,-90,Low
MnV,0.087,1.77,0.26,0.006,0.007,0.0005,0.0025,0.03,0.03,0.005,0.84,0.03,639,681,19.6,71.9,-61,-93,Low
N2,0.065,1.37,0.39,0.006,0.006,0.0005,0.0055,0.03,0.03,0.005,0.12,0.03,494,546,30,79,-57,-75,Low
N2,0.062,1.34,0.41,0.005,0.006,0.0005,0.0055,0.03,0.03,0.005,0.12,0.03,501,558,28.2,77.6,-50,-68,Low
N2,0.061,1.34,0.41,0.006,0.006,0.0005,0.0055,0.03,0.03,0.005,0.12,0.03,529,585,27.6,76,-45,-73,Low
N2,0.061,1.28,0.37,0.006,0.006,0.0005,0.0055,0.03,0.03,0.005,0.12,0.03,549,601,26.8,75,-35,-60,Low
P,0.067,1.43,0.38,0.005,0.007,0.0005,0.0055,0.03,0.03,0.005,0.12,0.03,508,561,31,77.9,-57,-76,Low
P,0.069,1.37,0.39,0.005,0.015,0.0005,0.0055,0.03,0.03,0.005,0.12,0.03,515,571,31.2,76,-54,-71,Low
P,0.066,1.4,0.37,0.005,0.023,0.0005,0.0055,0.03,0.03,0.005,0.12,0.03,499,559,30,78.8,-55,-77,Low
P,0.066,1.36,0.35,0.005,0.03,0.0005,0.0055,0.03,0.03,0.005,0.12,0.03,507,563,29.2,77.9,-54,-71,Low
P,0.065,1.45,0.35,0.006,0.04,0.0005,0.0055,0.03,0.03,0.005,0.12,0.03,510,568,29,77.9,-53,-78,Low
S,0.063,1.39,0.37,0.007,0.007,0.0005,0.0055,0.03,0.03,0.005,0.12,0.03,489,546,29.6,78.8,-61,-81,Low
S,0.057,1.41,0.37,0.016,0.007,0.0005,0.0055,0.03,0.03,0.005,0.12,0.03,473,546,31.4,77,-52,-73,Low
S,0.057,1.38,0.35,0.027,0.007,0.0005,0.0055,0.03,0.03,0.005,0.12,0.03,471,527,31.2,75,-47,-76,Low
S,0.062,1.39,0.36,0.038,0.007,0.0005,0.0055,0.03,0.03,0.005,0.12,0.03,474,527,31.2,73,-27,-61,Low
S,0.063,1.38,0.35,0.046,0.008,0.0005,0.0055,0.03,0.03,0.005,0.12,0.03,463,523,30.6,73.9,-16,-59,Low
Tab,0.076,1.52,0.26,0.009,0.012,0.0007,0.0002,0.03,0.03,0.005,0.005,0.03,460,541,24,75.9,-16,-35,Low
Tab,0.073,1.51,0.21,0.01,0.012,0.0008,0.0081,0.03,0.03,0.005,0.005,0.03,481,557,26,78,-48,-59,Low
Tab,0.072,1.49,0.14,0.01,0.012,0.0004,0.0142,0.03,0.03,0.005,0.005,0.03,482,562,25,74.7,-32,-53,Low
Tab,0.079,1.46,0.11,0.007,0.012,0.0005,0.021,0.03,0.03,0.005,0.005,0.03,476,565,25.6,76.5,-29,-50,Low
Tab,0.088,1.38,0.11,0.01,0.01,0.0005,0.029,0.03,0.03,0.005,0.005,0.03,482,563,26.6,73,-39,-57,Low
Tab,0.068,1.58,0.28,0.007,0.008,0.0061,0.014,0.03,0.03,0.005,0.005,0.03,517,584,24.2,76.1,-40,-67,Low
Tab,0.069,1.7,0.25,0.008,0.008,0.0089,0.028,0.03,0.03,0.005,0.005,0.03,547,610,24.8,77.2,-41,-69,Low
Tab,0.083,1.71,0.26,0.007,0.009,0.015,0.049,0.03,0.03,0.005,0.005,0.03,610,661,23.6,73.7,-28,-64,Low
Tab,0.079,1.84,0.27,0.007,0.009,0.025,0.077,0.03,0.03,0.005,0.005,0.03,619,675,23.7,73.1,-33,-56,Low
Tab,0.071,1.61,0.22,0.007,0.008,0.0017,0.0005,0.03,0.03,0.005,0.005,0.03,473,558,22.6,76.2,-3,-42,Low
Tab,0.078,1.76,0.19,0.007,0.007,0.0045,0.0005,0.03,0.03,0.005,0.005,0.03,482,571,25.1,74.8,-15,-38,Low
Tab,0.086,1.85,0.16,0.006,0.008,0.008,0.0005,0.03,0.03,0.005,0.005,0.03,497,577,25,74.7,-8,-39,Low
Tab,0.09,1.89,0.14,0.006,0.007,0.013,0.0005,0.03,0.03,0.005,0.005,0.03,516,599,22,72.4,-23,-59,Low
Tab,0.087,1.97,0.17,0.006,0.008,0.016,0.026,0.03,0.03,0.005,0.005,0.03,571,631,25.3,74.6,-59,-82,Low
Tab,0.082,1.92,0.2,0.006,0.007,0.018,0.042,0.03,0.03,0.005,0.005,0.03,596,655,24.4,73.1,-46,-70,Low
Tab,0.066,1.42,0.17,0.009,0.008,0.0007,0.0015,0.03,0.03,0.005,0.005,0.03,475,544,26.2,75.6,-58,-79,Low
Tab,0.068,1.38,0.1,0.009,0.007,0.0005,0.0029,0.03,0.03,0.005,0.005,0.03,460,528,26.2,76.6,-61,-81,Low
Tab,0.063,1.3,0.07,0.009,0.006,0.0005,0.0042,0.03,0.03,0.005,0.005,0.03,437,497,27.8,75.3,-39,-69,Low
Tab,0.063,1.23,0.04,0.009,0.007,0.0005,0.005,0.03,0.03,0.005,0.005,0.03,427,499,26.6,73.7,-33,-59,Low
Tab,0.076,1.51,0.32,0.009,0.008,0.0005,0.0005,0.03,0.03,0.005,0.005,0.03,482,568,24.6,74.6,-32,-52,Low
Tab,0.08,1.58,0.37,0.008,0.008,0.0005,0.0005,0.03,0.03,0.005,0.005,0.03,491,584,25,74.8,-34,-59,Low
Tab,0.083,1.63,0.39,0.008,0.008,0.0005,0.0005,0.03,0.03,0.005,0.005,0.03,482,581,25.4,71.9,-32,-60,Low
Tab,0.085,1.62,0.45,0.008,0.007,0.0005,0.0005,0.03,0.03,0.005,0.005,0.03,497,605,24.5,69.3,-40,-70,Low
Tab,0.077,1.66,0.24,0.006,0.009,0.0005,0.009,0.03,0.03,0.005,0.005,0.03,491,561,23,76.7,-52,-75,Low
Tab,0.077,1.67,0.25,0.006,0.009,0.0005,0.016,0.03,0.03,0.005,0.005,0.03,494,577,23.6,78.5,-51,-74,Low
Tab,0.08,1.77,0.23,0.006,0.009,0.0005,0.025,0.03,0.03,0.005,0.005,0.03,510,586,22.8,77.5,-59,-74,Low
Tab,0.08,1.82,0.23,0.005,0.009,0.0005,0.036,0.03,0.03,0.005,0.005,0.03,562,625,20.8,76.4,-73,-86,Low
Tab,0.075,1.63,0.24,0.006,0.007,0.0017,0.0005,0.03,0.03,0.005,0.005,0.03,475,558,23.7,76.6,-22,-47,Low
Tab,0.079,1.71,0.24,0.007,0.008,0.0023,0.0005,0.03,0.03,0.005,0.005,0.03,487,572,20.4,74.8,-12,-48,Low
Tab,0.087,1.9,0.2,0.006,0.006,0.0048,0.0005,0.03,0.03,0.005,0.005,0.03,535,623,20.5,73.7,-7,-43,Low
Tab,0.102,1.89,0.21,0.006,0.007,0.0065,0.0005,0.03,0.03,0.005,0.005,0.03,515,622,19.5,71.4,-18,-57,Low
Tab,0.075,1.59,0.16,0.006,0.006,0.0005,0.0005,0.03,0.03,0.005,0.005,0.03,453,539,23.6,76,-32,-47,Low
Tab,0.073,1.71,0.06,0.006,0.006,0.0005,0.0005,0.03,0.03,0.005,0.005,0.03,467,542,22.5,75.5,-37,-57,Low
Tab,0.064,1.69,0.02,0.005,0.005,0.0005,0.0005,0.03,0.03,0.005,0.005,0.03,430,501,24.4,75.4,-49,-77,Low
Tab,0.053,1.64,0.001,0.005,0.005,0.0005,0.0005,0.03,0.03,0.005,0.005,0.03,418,489,16.4,54.5,-23,-69,Low
Tab,0.069,1.43,0.24,0.006,0.006,0.0005,0.0028,0.03,0.03,0.005,0.005,0.03,510,574,28.3,75.6,-55,-87,Low
Tab,0.075,1.51,0.26,0.007,0.006,0.0011,0.0046,0.03,0.03,0.005,0.005,0.03,513,577,25.6,75.3,-62,-78,Low
Tab,0.07,1.56,0.28,0.007,0.005,0.0007,0.0065,0.03,0.03,0.005,0.005,0.03,511,580,26.7,76,-59,-79,Low
Tab,0.075,1.59,0.27,0.006,0.005,0.0005,0.0078,0.03,0.03,0.005,0.005,0.03,514,577,25.6,77.2,-48,-76,Low
Tab,0.072,1.59,0.36,0.006,0.008,0.0013,0.0026,0.03,0.03,0.005,0.005,0.03,478,560,25,76,-56,-83,Low
Tab,0.072,1.65,0.43,0.007,0.007,0.0005,0.0052,0.03,0.03,0.005,0.005,0.03,537,601,27,77.4,-61,-81,Low
Tab,0.072,1.71,0.52,0.006,0.01,0.0005,0.0082,0.03,0.03,0.005,0.005,0.03,555,617,24.1,74.4,-60,-83,Low
Tab,0.077,1.69,0.61,0.006,0.005,0.0011,0.012,0.03,0.03,0.005,0.005,0.03,566,638,26.8,75.4,-47,-82,Low
Tab,0.067,1.38,0.14,0.007,0.008,0.0005,0.0005,0.03,0.03,0.005,0.005,0.03,431,510,27.2,76.4,-25,-42,Low
Tab,0.058,1.18,0.05,0.008,0.007,0.0008,0.0005,0.03,0.03,0.005,0.005,0.03,426,477,27.8,75.5,-51,-62,Low
Tab,0.048,0.99,0.01,0.008,0.01,0.0007,0.0005,0.03,0.03,0.005,0.005,0.03,350,404,10.5,21,-24,-43,Low
Tab,0.036,0.77,0,0.007,0.005,0.0003,0.0005,0.03,0.03,0.005,0.005,0.03,310,345,7.4,10.8,,-42,Low
Tab,0.07,1.62,0.48,0.007,0.008,0.0007,0.0005,0.03,0.03,0.005,0.005,0.03,482,566,25.4,78.7,-22,-48,Low
Tab,0.075,1.69,0.69,0.006,0.008,0.0005,0.0005,0.03,0.03,0.005,0.005,0.03,505,602,26.2,75.2,-26,-63,Low
Tab,0.075,1.69,0.9,0.006,0.01,0.0005,0.0005,0.03,0.03,0.005,0.005,0.03,510,613,26.9,76,-28,-77,Low
Tab,0.079,1.74,1.11,0.006,0.01,0.0005,0.0005,0.03,0.03,0.005,0.005,0.03,529,638,25.5,76.1,-33,-75,Low
Tab,0.08,1.69,0.25,0.006,0.009,0.0005,0.0005,0.03,0.03,0.005,0.005,0.03,484,554,26,78.2,-29,-58,Low
Tab,0.074,1.8,0.19,0.005,0.011,0.0005,0.0005,0.03,0.03,0.005,0.005,0.03,479,558,25.8,77.2,-27,-52,Low
Tab,0.079,1.91,0.17,0.004,0.011,0.0005,0.0005,0.03,0.03,0.005,0.005,0.03,491,578,25.2,75.1,-31,-53,Low
Tab,0.079,1.95,0.14,0.003,0.009,0.0005,0.0005,0.03,0.03,0.005,0.005,0.03,493,573,26.4,77.6,-29,-60,Low
Tab,0.073,1.73,0.33,0.005,0.012,0.0005,0.0005,0.03,0.03,0.005,0.005,0.03,482,570,28.2,77.6,-31,-56,Low
Tab,0.087,1.99,0.4,0.004,0.01,0.0005,0.0005,0.03,0.03,0.005,0.005,0.03,499,593,23.7,77.3,-32,-60,Low
Tab,0.088,2.06,0.46,0.003,0.009,0.0005,0.0005,0.03,0.03,0.005,0.005,0.03,527,625,25.1,76.7,-36,-76,Low
Tab,0.097,2.08,0.56,0.003,0.008,0.0005,0.0005,0.03,0.03,0.005,0.005,0.03,564,661,21.8,69.2,-47,-82,Low
Tab,0.082,1.74,0.2,0.006,0.012,0.0005,0.0005,0.03,0.03,0.005,0.005,0.03,491,576,28,77.8,-29,-48,Low
Tab,0.084,1.72,0.11,0.005,0.01,0.0014,0.0005,0.03,0.03,0.005,0.005,0.03,481,547,25.6,76.7,-29,-49,Low
Tab,0.082,1.74,0.05,0.004,0.009,0.0005,0.0005,0.03,0.03,0.005,0.005,0.03,461,529,26.6,74.8,-33,-51,Low
Tab,0.083,1.73,0.23,0.005,0.008,0.0005,0.0005,0.03,0.03,0.005,0.005,0.03,491,571,24.8,76.7,-28,-59,Low
Tab,0.086,1.79,0.12,0.004,0.008,0.0005,0.0005,0.03,0.03,0.005,0.005,0.03,505,572,24.2,74.9,-20,-41,Low
Tab,0.075,1.47,0.26,0.005,0.007,0.0009,0.0056,0.03,0.03,0.005,0.005,0.03,501,556,28.6,78.9,-66,-82,Low
Tab,0.082,1.58,0.28,0.006,0.007,0.0005,0.011,0.03,0.03,0.005,0.005,0.03,523,580,27,75.7,-54,-76,Low
Tab,0.094,1.58,0.29,0.006,0.007,0.0005,0.0155,0.03,0.03,0.005,0.005,0.03,537,591,26.8,79.8,-61,-83,Low
Tab,0.091,1.63,0.31,0.005,0.007,0.0017,0.0233,0.03,0.03,0.005,0.005,0.03,566,626,24.8,77.5,-64,-87,Low
Tab,0.074,1.46,0.21,0.007,0.007,0.0005,0.001,0.03,0.03,0.005,0.005,0.03,472,552,22.3,67,-48,-73,Low
Tab,0.08,1.5,0.17,0.007,0.007,0.0005,0.0022,0.03,0.03,0.005,0.005,0.03,515,568,26.6,77.3,-60,-78,Low
Tab,0.073,1.51,0.21,0.008,0.007,0.0005,0.0034,0.03,0.03,0.005,0.005,0.03,508,559,26.6,77.7,-66,-83,Low
Tab,0.078,1.51,0.18,0.007,0.008,0.0005,0.0044,0.03,0.03,0.005,0.005,0.03,491,558,29.6,78.6,-54,-83,Low
Tab,0.079,1.53,0.19,0.005,0.009,0.0005,0.0052,0.03,0.03,0.005,0.005,0.03,485,550,26.7,77.7,-56,-74,Low
Tab,0.076,1.42,0.12,0.006,0.008,0.0011,0.0094,0.03,0.03,0.005,0.005,0.03,480,553,27.3,76,-17,-52,Low
Tab,0.069,1.3,0.05,0.006,0.007,0.0012,0.013,0.03,0.03,0.005,0.005,0.03,463,538,26.9,74.8,-30,-40,Low
Tab,0.072,1.32,0.03,0.006,0.006,0.002,0.015,0.03,0.03,0.005,0.005,0.03,472,540,25.7,72.9,-22,-49,Low
Tab,0.075,1.49,0.26,0.006,0.008,0.0005,0.0057,0.03,0.03,0.005,0.005,0.03,501,573,26,78.6,-52,-73,Low
Tab,0.078,1.61,0.27,0.006,0.008,0.0009,0.012,0.03,0.03,0.005,0.005,0.03,542,604,26.8,78.8,-43,-70,Low
Tab,0.08,1.69,0.3,0.006,0.014,0.0012,0.018,0.03,0.03,0.005,0.005,0.03,536,613,25,77.3,-37,-67,Low
Tab,0.084,1.74,0.25,0.005,0.011,0.002,0.023,0.03,0.03,0.005,0.005,0.03,594,660,24.2,74.5,-23,-54,Low
Tab,0.074,1.68,0.34,0.006,0.009,0.0017,0.0005,0.03,0.03,0.005,0.005,0.03,466,559,25.5,74.1,-23,-49,Low
Tab,0.089,1.84,0.4,0.006,0.01,0.0042,0.0005,0.03,0.03,0.005,0.005,0.03,487,600,23.5,75.9,-12,-54,Low
Tab,0.097,1.96,0.49,0.005,0.009,0.0089,0.0005,0.03,0.03,0.005,0.005,0.03,542,648,22.9,73.7,-22,-73,Low
Tab,0.098,1.95,0.59,0.005,0.009,0.015,0.0005,0.03,0.03,0.005,0.005,0.03,553,665,24.6,71.4,-26,-74,Low
Tab,0.082,1.71,0.32,0.007,0.008,0.0011,0.01,0.03,0.03,0.005,0.005,0.03,517,580,25,76.5,-45,-72,Low
Tab,0.083,1.77,0.42,0.006,0.008,0.0005,0.02,0.03,0.03,0.005,0.005,0.03,519,599,24,76.7,-48,-76,Low
Tab,0.085,1.88,0.51,0.004,0.009,0.0005,0.031,0.03,0.03,0.005,0.005,0.03,586,665,24.2,77.5,-55,-80,Low
Tab,0.089,1.9,0.61,0.005,0.008,0.0005,0.055,0.03,0.03,0.005,0.005,0.03,622,695,22.1,76.7,-54,-79,Low
Tab,0.085,1.74,0.33,0.006,0.008,0.002,0.0005,0.03,0.03,0.005,0.005,0.03,497,584,24.1,75.7,-24,-59,Low
Tab,0.09,1.85,0.41,0.005,0.008,0.0051,0.0005,0.03,0.03,0.005,0.005,0.03,522,618,22.1,75.4,-20,-53,Low
Tab,0.1,1.95,0.46,0.005,0.008,0.0109,0.0005,0.03,0.03,0.005,0.005,0.03,566,659,22.3,73.2,-31,-53,Low
Tab,0.11,2.1,0.51,0.004,0.008,0.0183,0.0005,0.03,0.03,0.005,0.005,0.03,595,692,21.3,74,-31,-74,Low
Tab,0.092,1.57,0.33,0.006,0.009,0.0073,0.0005,0.03,0.03,0.005,0.005,0.03,490,588,23.5,76.3,-22,-47,Low
Tab,0.098,1.72,0.41,0.006,0.009,0.0202,0.0005,0.03,0.03,0.005,0.005,0.03,524,627,22.5,72.3,-15,-52,Low
Tab,0.102,1.89,0.46,0.005,0.01,0.035,0.0005,0.03,0.03,0.005,0.005,0.03,566,665,21.1,71.8,6,-50,Low
Tab,0.107,1.92,0.51,0.005,0.006,0.056,0.0005,0.03,0.03,0.005,0.005,0.03,579,672,20.5,70.7,9,-45,Low
TiBAlN,0.07,1.57,0.45,0.006,0.01,0.0013,0.039,0.03,0.03,0.005,0.005,0.03,546,594,25.8,73,-82,-98,Low
TiBAlN,0.07,1.53,0.44,0.007,0.01,0.0068,0.045,0.03,0.03,0.005,0.005,0.03,583,602,27,76.4,-82,-99,Low
TiBAlN,0.07,1.56,0.49,0.007,0.01,0.016,0.042,0.03,0.03,0.005,0.005,0.03,610,640,27.2,73.4,-83,-100,Low
TiBAlN,0.07,1.51,0.57,0.007,0.012,0.031,0.046,0.03,0.03,0.005,0.005,0.03,595,660,23.1,74.1,-48,-85,Low
TiBAlN,0.07,1.53,0.6,0.006,0.01,0.038,0.044,0.03,0.03,0.005,0.005,0.03,675,742,20.7,69.7,-37,-68,Low
TiBAlN,0.08,1.44,0.6,0.006,0.007,0.058,0.054,0.03,0.03,0.005,0.005,0.03,668,732,20.3,69.7,-12,-46,Low
TiBAlN,0.07,1.48,0.34,0.007,0.01,0.0005,0.037,0.03,0.03,0.005,0.005,0.03,532,585,26.8,74,-48,-73,Low
TiBAlN,0.07,1.49,0.34,0.007,0.01,0.0061,0.041,0.03,0.03,0.005,0.005,0.03,558,594,25,69.4,-45,-66,Low
TiBAlN,0.07,1.45,0.43,0.006,0.01,0.017,0.047,0.03,0.03,0.005,0.005,0.03,532,584,28.4,77,-43,-63,Low
TiBAlN,0.07,1.43,0.43,0.005,0.01,0.033,0.049,0.03,0.03,0.005,0.005,0.03,543,596,26.6,73.4,-60,-79,Low
TiBAlN,0.07,1.44,0.55,0.005,0.01,0.046,0.046,0.03,0.03,0.005,0.005,0.03,574,632,22.3,74.8,-56,-80,Low
TiBAlN,0.07,1.44,0.63,0.005,0.01,0.056,0.048,0.03,0.03,0.005,0.005,0.03,571,644,25.4,73.5,-64,-93,Low
TiBAlN,0.07,1.51,0.36,0.007,0.008,0.0005,0.041,0.03,0.03,0.005,0.005,0.03,539,605,23.9,71.6,-24,-56,Low
TiBAlN,0.07,1.38,0.35,0.007,0.012,0.0062,0.05,0.03,0.03,0.005,0.005,0.03,525,602,25.4,73.2,-4,-32,Low
TiBAlN,0.07,1.45,0.5,0.006,0.011,0.018,0.047,0.03,0.03,0.005,0.005,0.03,493,583,26.8,69.2,13,-18,Low
TiBAlN,0.07,1.44,0.54,0.005,0.014,0.031,0.045,0.03,0.03,0.005,0.005,0.03,523,597,23.7,72.2,-1,-25,Low
TiBAlN,0.07,1.38,0.52,0.006,0.011,0.038,0.041,0.03,0.03,0.005,0.005,0.03,524,608,23.4,69.4,-14,-45,Low
TiBAlN,0.07,1.42,0.6,0.006,0.012,0.056,0.043,0.03,0.03,0.005,0.005,0.03,529,591,25.6,73.8,-45,-70,Low
TiBN,0.073,1.51,0.3,0.007,0.007,0.0005,0.0005,0.03,0.03,0.005,0.005,0.03,462,539,28.7,77.9,-15,-47,Low
TiBN,0.067,1.53,0.27,0.008,0.007,0.0005,0.0002,0.03,0.03,0.005,0.005,0.03,461,530,26.5,77.5,-11,-48,Low
TiBN,0.071,1.58,0.29,0.007,0.006,0.0005,0.0002,0.03,0.03,0.005,0.005,0.03,462,537,27.6,74.6,-14,-55,Low
TiBN,0.066,1.48,0.33,0.008,0.007,0.0005,0.0005,0.03,0.03,0.005,0.005,0.03,467,542,22.1,76,-22,-63,Low
TiBN,0.066,1.48,0.37,0.008,0.008,0.0005,0.0005,0.03,0.03,0.005,0.005,0.03,431,521,24.3,75.3,-37,-72,Low
TiBN,0.068,1.53,0.39,0.008,0.007,0.0005,0.0005,0.03,0.03,0.005,0.005,0.03,470,547,21.1,73.2,-50,-92,Low
TiBN,0.064,1.49,0.4,0.007,0.005,0.0005,0.0005,0.03,0.03,0.005,0.005,0.03,478,561,22.2,73.6,-34,-75,Low
TiBN,0.074,1.46,0.28,0.008,0.008,0.0005,0.0035,0.03,0.03,0.005,0.005,0.03,460,533,27.6,78.9,-68,-88,Low
TiBN,0.068,1.51,0.34,0.007,0.008,0.0005,0.0033,0.03,0.03,0.005,0.005,0.03,514,575,25,75.7,-60,-96,Low
TiBN,0.065,1.48,0.35,0.007,0.007,0.0005,0.0034,0.03,0.03,0.005,0.005,0.03,479,540,26,75.5,-55,-84,Low
TiBN,0.064,1.43,0.36,0.007,0.007,0.0005,0.0036,0.03,0.03,0.005,0.005,0.03,479,533,25.2,74.7,-65,-93,Low
TiBN,0.067,1.45,0.31,0.008,0.008,0.0005,0.0038,0.03,0.03,0.005,0.005,0.03,477,545,22.5,74.7,-60,-90,Low
TiBN,0.066,1.44,0.39,0.007,0.009,0.0005,0.0045,0.03,0.03,0.005,0.005,0.03,460,557,23.1,73.6,-50,-78,Low
TiBN,0.074,1.45,0.3,0.007,0.009,0.0005,0.012,0.03,0.03,0.005,0.005,0.03,480,538,27.8,79.8,-43,-59,Low
TiBN,0.071,1.55,0.35,0.007,0.01,0.0005,0.013,0.03,0.03,0.005,0.005,0.03,512,560,26.2,78.4,-57,-77,Low
TiBN,0.071,1.53,0.34,0.007,0.01,0.0005,0.011,0.03,0.03,0.005,0.005,0.03,486,540,27.6,74.3,-56,-79,Low
TiBN,0.068,1.45,0.34,0.008,0.009,0.0005,0.013,0.03,0.03,0.005,0.005,0.03,488,554,25.4,74.2,-65,-86,Low
TiBN,0.066,1.43,0.33,0.008,0.009,0.0005,0.012,0.03,0.03,0.005,0.005,0.03,486,570,23.9,72.1,-59,-83,Low
TiBN,0.067,1.41,0.36,0.009,0.009,0.0005,0.012,0.03,0.03,0.005,0.005,0.03,479,554,24.6,74.5,-40,-54,Low
TiBN,0.072,1.5,0.38,0.006,0.01,0.0005,0.026,0.03,0.03,0.005,0.005,0.03,509,578,26.4,78.9,-56,-72,Low
TiBN,0.07,1.48,0.43,0.007,0.01,0.0005,0.026,0.03,0.03,0.005,0.005,0.03,529,581,25.6,78,-72,-93,Low
TiBN,0.07,1.53,0.42,0.007,0.009,0.0005,0.029,0.03,0.03,0.005,0.005,0.03,501,564,25.8,75.1,-82,-98,Low
TiBN,0.066,1.45,0.39,0.006,0.008,0.0005,0.027,0.03,0.03,0.005,0.005,0.03,497,559,28,75.8,-81,-96,Low
TiBN,0.074,1.42,0.38,0.006,0.009,0.0005,0.027,0.03,0.03,0.005,0.005,0.03,494,572,26.7,77.9,-69,-92,Low
TiBN,0.069,1.36,0.37,0.007,0.009,0.0005,0.025,0.03,0.03,0.005,0.005,0.03,479,563,25.6,73.5,-52,-79,Low
TiBN,0.069,1.47,0.45,0.005,0.006,0.0005,0.041,0.03,0.03,0.005,0.005,0.03,504,577,25.8,79.8,-61,-77,Low
TiBN,0.077,1.56,0.39,0.006,0.011,0.0005,0.04,0.03,0.03,0.005,0.005,0.03,558,616,23.6,74.3,-77,-94,Low
TiBN,0.074,1.5,0.39,0.006,0.009,0.0005,0.041,0.03,0.03,0.005,0.005,0.03,548,590,25.4,75,-79,-100,Low
TiBN,0.075,1.49,0.37,0.006,0.01,0.0005,0.037,0.03,0.03,0.005,0.005,0.03,546,594,25.8,73,-81,-107,Low
TiBN,0.075,1.5,0.4,0.006,0.01,0.0005,0.039,0.03,0.03,0.005,0.005,0.03,514,571,28,79,-83,-108,Low
TiBN,0.077,1.53,0.42,0.006,0.01,0.0005,0.043,0.03,0.03,0.005,0.005,0.03,547,601,25,74.2,-62,-96,Low
TiBN,0.073,1.52,0.4,0.006,0.011,0.0005,0.039,0.03,0.03,0.005,0.005,0.03,517,586,22.5,77.7,-53,-80,Low
TiBN,0.074,1.5,0.47,0.006,0.01,0.0005,0.058,0.03,0.03,0.005,0.005,0.03,546,615,22.7,75.8,-56,-69,Low
TiBN,0.079,1.54,0.48,0.006,0.01,0.0005,0.061,0.03,0.03,0.005,0.005,0.03,545,617,25.4,76.9,-74,-100,Low
TiBN,0.073,1.54,0.48,0.006,0.01,0.0005,0.052,0.03,0.03,0.005,0.005,0.03,516,590,26.2,75,-76,-103,Low
TiBN,0.075,1.52,0.45,0.005,0.009,0.0005,0.061,0.03,0.03,0.005,0.005,0.03,539,610,20.6,71.3,-65,-87,Low
TiBN,0.07,1.48,0.42,0.006,0.009,0.0005,0.061,0.03,0.03,0.005,0.005,0.03,556,609,22.2,74.2,-55,-84,Low
TiBN,0.067,1.49,0.4,0.005,0.009,0.0005,0.064,0.03,0.03,0.005,0.005,0.03,549,605,24.3,73,-42,-64,Low
TiBN,0.074,1.48,0.39,0.005,0.009,0.0005,0.066,0.03,0.03,0.005,0.005,0.03,538,606,23.7,73.4,-26,-44,Low
TiBN,0.074,1.58,0.28,0.008,0.008,0.0005,0.0005,0.03,0.03,0.005,0.005,0.03,473,566,24,77,5,-24,Low
TiBN,0.074,1.6,0.31,0.007,0.008,0.0005,0.0005,0.03,0.03,0.005,0.005,0.03,475,565,25.7,73.4,6,-23,Low
TiBN,0.077,1.55,0.32,0.007,0.008,0.0005,0.0005,0.03,0.03,0.005,0.005,0.03,492,571,25.4,72.2,6,-31,Low
TiBN,0.074,1.59,0.35,0.007,0.008,0.0005,0.0005,0.03,0.03,0.005,0.005,0.03,468,571,24.8,72,-2,-39,Low
TiBN,0.075,1.58,0.33,0.007,0.008,0.0005,0.0005,0.03,0.03,0.005,0.005,0.03,462,544,25,75.6,-16,-47,Low
TiBN,0.082,1.6,0.36,0.007,0.008,0.0005,0.0005,0.03,0.03,0.005,0.005,0.03,474,549,24.7,73.3,-29,-62,Low
TiBN,0.07,1.55,0.39,0.007,0.007,0.0005,0.0007,0.03,0.03,0.005,0.005,0.03,474,562,21.3,67.4,-52,-84,Low
TiBN,0.068,1.4,0.28,0.01,0.009,0.0005,0.0031,0.03,0.03,0.005,0.005,0.03,482,545,28,78.9,-41,-63,Low
TiBN,0.056,1.37,0.26,0.006,0.009,0.0005,0.0036,0.03,0.03,0.005,0.005,0.03,462,534,26.3,74.4,-39,-56,Low
TiBN,0.05,1.4,0.28,0.007,0.01,0.0005,0.004,0.03,0.03,0.005,0.005,0.03,467,526,27.1,77.6,-23,-45,Low
TiBN,0.048,1.36,0.31,0.007,0.01,0.0005,0.0045,0.03,0.03,0.005,0.005,0.03,427,503,27,77.7,-32,-55,Low
TiBN,0.048,1.38,0.32,0.006,0.009,0.0005,0.0045,0.03,0.03,0.005,0.005,0.03,431,494,25.4,74.4,-32,-65,Low
TiBN,0.045,1.4,0.35,0.006,0.009,0.0005,0.0047,0.03,0.03,0.005,0.005,0.03,454,512,25.3,76.5,-38,-67,Low
TiBN,0.07,1.5,0.29,0.008,0.009,0.0005,0.012,0.03,0.03,0.005,0.005,0.03,513,573,25.2,76,-29,-52,Low
TiBN,0.071,1.53,0.27,0.005,0.009,0.0005,0.012,0.03,0.03,0.005,0.005,0.03,526,581,26.3,76.4,-36,-60,Low
TiBN,0.073,1.53,0.28,0.005,0.01,0.0005,0.013,0.03,0.03,0.005,0.005,0.03,515,565,25.9,76.7,-37,-57,Low
TiBN,0.068,1.47,0.27,0.005,0.009,0.0005,0.011,0.03,0.03,0.005,0.005,0.03,485,549,27.3,75,-43,-66,Low
TiBN,0.068,1.43,0.29,0.005,0.009,0.0005,0.011,0.03,0.03,0.005,0.005,0.03,466,533,26.3,74.7,-46,-66,Low
TiBN,0.068,1.45,0.35,0.005,0.009,0.0005,0.01,0.03,0.03,0.005,0.005,0.03,453,520,27.1,75.6,-47,-72,Low
TiBN,0.068,1.51,0.39,0.007,0.009,0.0005,0.03,0.03,0.03,0.005,0.005,0.03,546,611,24,78,-35,-63,Low
TiBN,0.071,1.54,0.37,0.004,0.007,0.0005,0.02,0.03,0.03,0.005,0.005,0.03,513,572,26.2,75.4,-36,-62,Low
TiBN,0.07,1.51,0.42,0.005,0.008,0.0005,0.021,0.03,0.03,0.005,0.005,0.03,504,556,25.2,77.1,-43,-67,Low
TiBN,0.07,1.61,0.39,0.004,0.006,0.0005,0.021,0.03,0.03,0.005,0.005,0.03,501,554,23.9,76.5,-48,-78,Low
TiBN,0.067,1.5,0.41,0.004,0.006,0.0005,0.023,0.03,0.03,0.005,0.005,0.03,493,569,23.4,75.8,-50,-70,Low
TiBN,0.066,1.48,0.47,0.007,0.011,0.0005,0.041,0.03,0.03,0.005,0.005,0.03,578,632,24.6,78,-44,-72,Low
TiBN,0.072,1.53,0.37,0.006,0.011,0.0005,0.037,0.03,0.03,0.005,0.005,0.03,551,614,24.1,74.1,-48,-70,Low
TiBN,0.071,1.51,0.38,0.007,0.011,0.0005,0.041,0.03,0.03,0.005,0.005,0.03,532,593,26.8,73.6,-48,-73,Low
TiBN,0.069,1.48,0.34,0.007,0.01,0.0005,0.037,0.03,0.03,0.005,0.005,0.03,521,584,26.8,74,-48,-73,Low
TiBN,0.068,1.46,0.34,0.006,0.01,0.0005,0.035,0.03,0.03,0.005,0.005,0.03,518,575,26.8,74.9,-52,-81,Low
TiBN,0.069,1.48,0.35,0.007,0.011,0.0005,0.035,0.03,0.03,0.005,0.005,0.03,503,555,27.8,76.3,-64,-83,Low
TiBN,0.066,1.39,0.35,0.006,0.009,0.0005,0.036,0.03,0.03,0.005,0.005,0.03,489,557,23.2,73.3,-67,-89,Low
TiBN,0.073,1.66,0.27,0.009,0.008,0.0005,0.0005,0.03,0.03,0.005,0.005,0.03,505,607,24,76,20,-16,Low
TiBN,0.078,1.6,0.3,0.007,0.007,0.0005,0.0005,0.03,0.03,0.005,0.005,0.03,506,600,23.3,72.1,18,-12,Low
TiBN,0.083,1.59,0.31,0.007,0.008,0.0005,0.0005,0.03,0.03,0.005,0.005,0.03,501,586,22.7,73.4,15,-21,Low
TiBN,0.079,1.58,0.34,0.007,0.007,0.0005,0.0005,0.03,0.03,0.005,0.005,0.03,493,580,22.9,71,13,-28,Low
TiBN,0.071,1.6,0.36,0.007,0.008,0.0005,0.0005,0.03,0.03,0.005,0.005,0.03,482,564,23.5,71.7,8,-33,Low
TiBN,0.078,1.58,0.38,0.007,0.007,0.0005,0.0005,0.03,0.03,0.005,0.005,0.03,470,555,24.9,73.4,1,-46,Low
TiBN,0.064,1.43,0.36,0.008,0.008,0.0005,0.0005,0.03,0.03,0.005,0.005,0.03,439,528,22.4,70.8,-13,-44,Low
TiBN,0.069,1.45,0.26,0.01,0.013,0.0005,0.0029,0.03,0.03,0.005,0.005,0.03,492,581,25.8,77.9,-24,-48,Low
TiBN,0.048,1.42,0.24,0.006,0.008,0.0005,0.0035,0.03,0.03,0.005,0.005,0.03,497,568,25.1,71.3,-28,-50,Low
TiBN,0.048,1.45,0.26,0.006,0.009,0.0005,0.0038,0.03,0.03,0.005,0.005,0.03,484,554,27.5,75.1,-13,-28,Low
TiBN,0.047,1.44,0.29,0.006,0.008,0.0005,0.0041,0.03,0.03,0.005,0.005,0.03,459,529,28,75.6,-16,-45,Low
TiBN,0.045,1.47,0.34,0.006,0.009,0.0005,0.0045,0.03,0.03,0.005,0.005,0.03,459,516,26.8,72.8,-23,-51,Low
TiBN,0.046,1.46,0.34,0.006,0.009,0.0005,0.0046,0.03,0.03,0.005,0.005,0.03,429,496,26.8,75.3,-26,-57,Low
TiBN,0.07,1.45,0.28,0.009,0.009,0.0005,0.012,0.03,0.03,0.005,0.005,0.03,523,599,29.2,77,-23,-52,Low
TiBN,0.068,1.46,0.35,0.005,0.01,0.0005,0.012,0.03,0.03,0.005,0.005,0.03,531,592,27.9,75.9,-26,-54,Low
TiBN,0.068,1.45,0.34,0.005,0.009,0.0005,0.012,0.03,0.03,0.005,0.005,0.03,535,587,25.5,76.2,-22,-51,Low
TiBN,0.068,1.39,0.33,0.005,0.009,0.0005,0.011,0.03,0.03,0.005,0.005,0.03,519,577,25.6,70.7,-29,-53,Low
TiBN,0.065,1.47,0.3,0.004,0.009,0.0005,0.011,0.03,0.03,0.005,0.005,0.03,496,551,25.7,74.8,-34,-62,Low
TiBN,0.061,1.37,0.3,0.005,0.009,0.0005,0.01,0.03,0.03,0.005,0.005,0.03,470,534,29.1,74.6,-35,-76,Low
TiBN,0.067,1.48,0.4,0.006,0.008,0.0005,0.032,0.03,0.03,0.005,0.005,0.03,546,621,23.6,76,-24,-52,Low
TiBN,0.072,1.47,0.32,0.005,0.006,0.0005,0.019,0.03,0.03,0.005,0.005,0.03,532,592,23.6,73.3,-18,-47,Low
TiBN,0.069,1.41,0.34,0.005,0.006,0.0005,0.021,0.03,0.03,0.005,0.005,0.03,508,585,26.6,73.9,-22,-45,Low
TiBN,0.068,1.44,0.34,0.005,0.006,0.0005,0.021,0.03,0.03,0.005,0.005,0.03,493,556,26.7,73.8,-34,-58,Low
TiBN,0.07,1.37,0.4,0.006,0.006,0.0005,0.025,0.03,0.03,0.005,0.005,0.03,496,549,24.1,75,-46,-80,Low
TiBN,0.07,1.46,0.4,0.007,0.01,0.0005,0.043,0.03,0.03,0.005,0.005,0.03,552,633,25,72.8,-30,-56,Low
TiBN,0.071,1.51,0.38,0.007,0.01,0.0005,0.041,0.03,0.03,0.005,0.005,0.03,542,633,18.6,71.4,-30,-56,Low
TiBN,0.068,1.42,0.36,0.007,0.009,0.0005,0.038,0.03,0.03,0.005,0.005,0.03,537,612,23.7,71.2,-27,-66,Low
TiBN,0.069,1.51,0.36,0.007,0.008,0.0005,0.041,0.03,0.03,0.005,0.005,0.03,558,621,23.9,71.6,-24,-56,Low
TiBN,0.071,1.46,0.36,0.007,0.01,0.0005,0.037,0.03,0.03,0.005,0.005,0.03,537,601,25.4,70,-25,-66,Low
TiBN,0.073,1.44,0.35,0.007,0.011,0.0005,0.036,0.03,0.03,0.005,0.005,0.03,491,562,23.8,72.4,-38,-64,Low
TiBN,0.066,1.4,0.36,0.007,0.012,0.0005,0.039,0.03,0.03,0.005,0.005,0.03,474,541,27.8,72.6,-52,-81,Low
TiB,0.073,1.51,0.3,0.007,0.007,0.0005,0.0005,0.03,0.03,0.005,0.005,0.03,462,539,28.7,77.9,-15,-47,Low
TiB,0.067,1.53,0.27,0.008,0.007,0.0005,0.0002,0.03,0.03,0.005,0.005,0.03,461,530,26.5,77.5,-11,-48,Low
TiB,0.071,1.58,0.29,0.007,0.006,0.0005,0.0002,0.03,0.03,0.005,0.005,0.03,462,537,27.6,74.6,-14,-55,Low
TiB,0.066,1.48,0.33,0.008,0.007,0.0005,0.0005,0.03,0.03,0.005,0.005,0.03,467,542,22.1,76,-22,-63,Low
TiB,0.066,1.48,0.37,0.008,0.008,0.0005,0.0005,0.03,0.03,0.005,0.005,0.03,431,521,24.3,75.3,-37,-72,Low
TiB,0.068,1.53,0.39,0.008,0.007,0.0005,0.0005,0.03,0.03,0.005,0.005,0.03,470,547,21.1,73.2,-50,-92,Low
TiB,0.064,1.49,0.4,0.007,0.005,0.0005,0.0005,0.03,0.03,0.005,0.005,0.03,478,561,22.2,73.6,-34,-75,Low
TiB,0.074,1.46,0.28,0.008,0.008,0.0005,0.0035,0.03,0.03,0.005,0.005,0.03,460,533,27.6,78.9,-68,-88,Low
TiB,0.068,1.51,0.34,0.007,0.008,0.0005,0.0033,0.03,0.03,0.005,0.005,0.03,514,575,25,75.7,-60,-96,Low
TiB,0.065,1.48,0.35,0.007,0.007,0.0005,0.0034,0.03,0.03,0.005,0.005,0.03,479,540,26,75.5,-55,-84,Low
TiB,0.064,1.43,0.36,0.007,0.007,0.0005,0.0036,0.03,0.03,0.005,0.005,0.03,479,533,25.2,74.7,-65,-93,Low
TiB,0.067,1.45,0.31,0.008,0.008,0.0005,0.0038,0.03,0.03,0.005,0.005,0.03,477,545,22.5,74.7,-60,-90,Low
TiB,0.066,1.44,0.39,0.007,0.009,0.0005,0.0045,0.03,0.03,0.005,0.005,0.03,460,557,23.1,73.6,-50,-78,Low
TiB,0.074,1.45,0.3,0.007,0.009,0.0005,0.012,0.03,0.03,0.005,0.005,0.03,480,538,27.8,79.8,-43,-59,Low
TiB,0.071,1.55,0.35,0.007,0.01,0.0005,0.013,0.03,0.03,0.005,0.005,0.03,512,560,26.2,78.4,-57,-77,Low
TiB,0.071,1.53,0.34,0.007,0.01,0.0005,0.011,0.03,0.03,0.005,0.005,0.03,486,540,27.6,74.3,-56,-79,Low
TiB,0.068,1.45,0.34,0.008,0.009,0.0005,0.013,0.03,0.03,0.005,0.005,0.03,488,554,25.4,74.2,-65,-86,Low
TiB,0.066,1.43,0.33,0.008,0.009,0.0005,0.012,0.03,0.03,0.005,0.005,0.03,486,570,23.9,72.1,-59,-83,Low
TiB,0.067,1.41,0.36,0.009,0.009,0.0005,0.012,0.03,0.03,0.005,0.005,0.03,479,554,24.6,74.5,-40,-54,Low
TiB,0.072,1.5,0.38,0.006,0.01,0.0005,0.026,0.03,0.03,0.005,0.005,0.03,509,578,26.4,78.9,-56,-72,Low
TiB,0.07,1.48,0.43,0.007,0.01,0.0005,0.026,0.03,0.03,0.005,0.005,0.03,529,581,25.6,78,-72,-93,Low
TiB,0.07,1.53,0.42,0.007,0.009,0.0005,0.029,0.03,0.03,0.005,0.005,0.03,501,564,25.8,75.1,-82,-98,Low
TiB,0.066,1.45,0.39,0.006,0.008,0.0005,0.027,0.03,0.03,0.005,0.005,0.03,497,559,28,75.8,-81,-96,Low
TiB,0.074,1.42,0.38,0.006,0.009,0.0005,0.027,0.03,0.03,0.005,0.005,0.03,494,572,26.7,77.9,-69,-92,Low
TiB,0.069,1.36,0.37,0.007,0.009,0.0005,0.025,0.03,0.03,0.005,0.005,0.03,479,563,25.6,73.5,-52,-79,Low
TiB,0.069,1.47,0.45,0.005,0.006,0.0005,0.041,0.03,0.03,0.005,0.005,0.03,504,577,25.8,79.8,-61,-77,Low
TiB,0.077,1.56,0.39,0.006,0.011,0.0005,0.04,0.03,0.03,0.005,0.005,0.03,558,616,23.6,74.3,-77,-94,Low
TiB,0.074,1.5,0.39,0.006,0.009,0.0005,0.041,0.03,0.03,0.005,0.005,0.03,548,590,25.4,75,-79,-100,Low
TiB,0.075,1.49,0.37,0.006,0.01,0.0005,0.037,0.03,0.03,0.005,0.005,0.03,546,594,25.8,73,-81,-107,Low
TiB,0.075,1.5,0.4,0.006,0.01,0.0005,0.039,0.03,0.03,0.005,0.005,0.03,514,571,28,79,-83,-108,Low
TiB,0.077,1.53,0.42,0.006,0.01,0.0005,0.043,0.03,0.03,0.005,0.005,0.03,547,601,25,74.2,-62,-96,Low
TiB,0.073,1.52,0.4,0.006,0.011,0.0005,0.039,0.03,0.03,0.005,0.005,0.03,517,586,22.5,77.7,-53,-80,Low
TiB,0.074,1.5,0.47,0.006,0.01,0.0005,0.058,0.03,0.03,0.005,0.005,0.03,546,615,22.7,75.8,-56,-69,Low
TiB,0.079,1.54,0.48,0.006,0.01,0.0005,0.061,0.03,0.03,0.005,0.005,0.03,545,617,25.4,76.9,-74,-100,Low
TiB,0.073,1.54,0.48,0.006,0.01,0.0005,0.052,0.03,0.03,0.005,0.005,0.03,516,590,26.2,75,-76,-103,Low
TiB,0.075,1.52,0.45,0.005,0.009,0.0005,0.061,0.03,0.03,0.005,0.005,0.03,539,610,20.6,71.3,-65,-87,Low
TiB,0.07,1.48,0.42,0.006,0.009,0.0005,0.061,0.03,0.03,0.005,0.005,0.03,556,609,22.2,74.2,-55,-84,Low
TiB,0.067,1.49,0.4,0.005,0.009,0.0005,0.064,0.03,0.03,0.005,0.005,0.03,549,605,24.3,73,-42,-64,Low
TiB,0.074,1.48,0.39,0.005,0.009,0.0005,0.066,0.03,0.03,0.005,0.005,0.03,538,606,23.7,73.4,-26,-44,Low
TiN,0.074,1.4,0.25,0.006,0.007,0.0005,0.0001,0.03,0.03,0.005,0.005,0.03,445,528,28.2,78,-14,-42,Low
TiN,0.077,1.46,0.27,0.008,0.007,0.0005,0.0028,0.03,0.03,0.005,0.005,0.03,471,544,25.2,77,-68,-88,Low
TiN,0.073,1.41,0.26,0.007,0.011,0.0005,0.009,0.03,0.03,0.005,0.005,0.03,478,540,24.2,78.9,-50,-72,Low
TiN,0.074,1.45,0.3,0.007,0.009,0.0005,0.015,0.03,0.03,0.005,0.005,0.03,480,538,27.8,79.8,-43,-59,Low
TiN,0.072,1.44,0.35,0.006,0.012,0.0005,0.02,0.03,0.03,0.005,0.005,0.03,497,563,26.8,78.9,-53,-76,Low
TiN,0.072,1.5,0.38,0.006,0.01,0.0005,0.026,0.03,0.03,0.005,0.005,0.03,509,578,26.4,78.9,-56,-72,Low
TiN,0.069,1.45,0.4,0.006,0.008,0.0005,0.033,0.03,0.03,0.005,0.005,0.03,509,562,26,80.7,-59,-73,Low
TiN,0.069,1.47,0.45,0.005,0.006,0.0005,0.041,0.03,0.03,0.005,0.005,0.03,504,577,25.8,79.8,-61,-77,Low
TiN,0.069,1.49,0.43,0.004,0.005,0.0005,0.046,0.03,0.03,0.005,0.005,0.03,535,594,26,79.8,-60,-78,Low
TiN,0.07,1.5,0.45,0.005,0.006,0.0005,0.055,0.03,0.03,0.005,0.005,0.03,530,597,25,81.6,-60,-77,Low
TiN,0.074,1.58,0.28,0.008,0.008,0.0005,0.0005,0.03,0.03,0.005,0.005,0.03,473,566,24,77,5,-24,Low
TiN,0.068,1.4,0.28,0.01,0.008,0.0005,0.0031,0.03,0.03,0.005,0.005,0.03,482,545,28,78.9,-41,-63,Low
TiN,0.069,1.5,0.31,0.008,0.008,0.0005,0.0051,0.03,0.03,0.005,0.005,0.03,522,584,26.4,78.9,-46,-68,Low
TiN,0.07,1.5,0.29,0.008,0.009,0.0005,0.012,0.03,0.03,0.005,0.005,0.03,513,573,25.2,76,-29,-52,Low
TiN,0.068,1.51,0.39,0.007,0.009,0.0005,0.03,0.03,0.03,0.005,0.005,0.03,546,611,24,78,-35,-63,Low
TiN,0.066,1.48,0.47,0.007,0.011,0.0005,0.041,0.03,0.03,0.005,0.005,0.03,584,639,23,75,-44,-72,Low
TiN,0.07,1.5,0.45,0.004,0.006,0.0005,0.059,0.03,0.03,0.005,0.005,0.03,535,599,25.6,76,-41,-65,Low
TiN,0.073,1.66,0.27,0.009,0.008,0.0005,0.0005,0.03,0.03,0.005,0.005,0.03,505,607,24,76,20,-16,Low
TiN,0.069,1.45,0.26,0.01,0.009,0.0005,0.0029,0.03,0.03,0.005,0.005,0.03,492,581,25.8,77.9,-24,-48,Low
TiN,0.073,1.53,0.29,0.009,0.007,0.0005,0.0046,0.03,0.03,0.005,0.005,0.03,538,591,24.9,74.5,-28,-56,Low
TiN,0.07,1.45,0.28,0.009,0.009,0.0005,0.012,0.03,0.03,0.005,0.005,0.03,523,599,29.2,77,-23,-52,Low
TiN,0.067,1.48,0.4,0.006,0.008,0.0005,0.032,0.03,0.03,0.005,0.005,0.03,546,621,23.6,76,-24,-52,Low
TiN,0.068,1.46,0.47,0.007,0.006,0.0005,0.045,0.03,0.03,0.005,0.005,0.03,578,631,24.6,78,-30,-58,Low
TiN,0.066,1.47,0.43,0.005,0.006,0.0005,0.069,0.03,0.03,0.005,0.005,0.03,552,615,26.4,78,-28,-54,Low
TiO2,0.072,1.41,0.39,0.007,0.005,0.0005,0.0003,0.03,0.03,0.005,0.12,0.03,460,539,30.8,77,-34,-64,Low
TiO2,0.061,1.44,0.33,0.005,0.009,0.0005,0.0015,0.03,0.03,0.005,0.12,0.03,470,547,31,78.8,-70,-91,Low
TiO2,0.076,1.4,0.41,0.005,0.006,0.0005,0.0027,0.03,0.03,0.005,0.12,0.03,500,553,28.2,77.7,-72,-93,Low
TiO2,0.073,1.38,0.44,0.004,0.006,0.0005,0.0042,0.03,0.03,0.005,0.12,0.03,503,561,29,78.8,-65,-92,Low
TiO2,0.071,1.42,0.44,0.008,0.006,0.0005,0.0053,0.03,0.03,0.005,0.12,0.03,510,566,30.2,77.9,-61,-83,Low
TiO2,0.073,1.44,0.46,0.008,0.006,0.0005,0.0069,0.03,0.03,0.005,0.12,0.03,546,596,28.6,76,-52,-81,Low
TiO2,0.07,1.4,0.45,0.004,0.007,0.0005,0.0078,0.03,0.03,0.005,0.12,0.03,543,589,29.4,77.9,-49,-70,Low
TiOX,0.078,1.46,0.39,0.003,0.009,0.0005,0.0002,0.03,0.03,0.005,0.005,0.03,468,538,30,79.8,-37,-55,Low
TiOX,0.078,1.49,0.38,0.003,0.009,0.0005,0.0019,0.03,0.03,0.005,0.005,0.03,455,554,27.4,78.8,-82,-98,Low
TiOX,0.082,1.49,0.37,0.003,0.009,0.0005,0.003,0.03,0.03,0.005,0.005,0.03,453,552,29.3,80.7,-81,-96,Low
TiOX,0.084,1.42,0.36,0.003,0.009,0.0005,0.0035,0.03,0.03,0.005,0.005,0.03,470,558,28.2,82,-79,-94,Low
TiOX,0.087,1.41,0.37,0.003,0.009,0.0005,0.0055,0.03,0.03,0.005,0.005,0.03,476,572,26,82.1,-71,-86,Low
TiOX,0.088,1.48,0.41,0.003,0.009,0.0005,0.01,0.03,0.03,0.005,0.005,0.03,495,591,25.2,81.5,-61,-82,Low
TiOX,0.083,1.66,0.35,0.004,0.01,0.0005,0.0005,0.03,0.03,0.005,0.005,0.03,454,559,27.4,80.7,-29,-52,Low
TiOX,0.082,1.69,0.35,0.004,0.01,0.0005,0.0015,0.03,0.03,0.005,0.005,0.03,485,571,28,79.8,-69,-95,Low
TiOX,0.085,1.63,0.34,0.004,0.01,0.0005,0.0025,0.03,0.03,0.005,0.005,0.03,489,560,26.8,80.7,-84,-106,Low
TiOX,0.08,1.64,0.34,0.004,0.01,0.0005,0.0032,0.03,0.03,0.005,0.005,0.03,474,562,27.4,81.2,-74,-92,Low
TiOX,0.083,1.58,0.37,0.004,0.009,0.0005,0.0059,0.03,0.03,0.005,0.005,0.03,495,572,25.2,78,-69,-88,Low
TiOX,0.087,1.6,0.38,0.004,0.011,0.0005,0.0088,0.03,0.03,0.005,0.005,0.03,503,590,24.8,78.9,-63,-86,Low
TiOX,0.081,1.35,0.32,0.005,0.011,0.0005,0.0006,0.03,0.03,0.005,0.005,0.03,433,551,27.6,76.5,-28,-49,Low
TiOX,0.083,1.37,0.33,0.006,0.012,0.0005,0.002,0.03,0.03,0.005,0.005,0.03,475,561,25.4,79.8,-63,-83,Low
TiOX,0.081,1.52,0.37,0.006,0.013,0.0005,0.003,0.03,0.03,0.005,0.005,0.03,482,566,29.8,79.8,-64,-87,Low
TiOX,0.086,1.54,0.39,0.006,0.014,0.0005,0.0052,0.03,0.03,0.005,0.005,0.03,525,588,26.8,78.9,-60,-82,Low
TiOX,0.086,1.45,0.34,0.005,0.013,0.0005,0.0079,0.03,0.03,0.005,0.005,0.03,471,573,29.4,78.9,-59,-77,Low
TiOX,0.085,1.47,0.42,0.006,0.011,0.0005,0.011,0.03,0.03,0.005,0.005,0.03,483,575,26.6,78,-55,-77,Low
TiOX,0.078,1.27,0.29,0.007,0.008,0.0005,0.0003,0.03,0.03,0.005,0.005,0.03,429,523,28.8,78,-31,-57,Low
TiOX,0.078,1.31,0.3,0.006,0.007,0.0005,0.0021,0.03,0.03,0.005,0.005,0.03,448,533,28.6,77.5,-61,-86,Low
TiOX,0.085,1.4,0.35,0.007,0.008,0.0005,0.0034,0.03,0.03,0.005,0.005,0.03,479,565,26,76,-62,-93,Low
TiOX,0.081,1.27,0.36,0.007,0.007,0.0005,0.0053,0.03,0.03,0.005,0.005,0.03,471,558,28.8,77.5,-59,-83,Low
TiOX,0.075,1.3,0.4,0.008,0.008,0.0005,0.0068,0.03,0.03,0.005,0.005,0.03,480,558,27.2,78,-57,-83,Low
TiOX,0.075,1.34,0.42,0.007,0.009,0.0005,0.011,0.03,0.03,0.005,0.005,0.03,477,567,29.4,76.5,-52,-74,Low
Ti,0.074,1.45,0.33,0.005,0.005,0.0005,0.0006,0.03,0.03,0.005,0.12,0.03,463,537,31.2,78.8,-37,-60,Low
Ti,0.073,1.49,0.34,0.004,0.007,0.0005,0.0016,0.03,0.03,0.005,0.12,0.03,482,548,33.6,78.8,-59,-85,Low
Ti,0.071,1.46,0.36,0.004,0.006,0.0005,0.0022,0.03,0.03,0.005,0.12,0.03,497,563,30.6,77,-65,-82,Low
Ti,0.061,1.36,0.33,0.005,0.006,0.0005,0.0028,0.03,0.03,0.005,0.12,0.03,474,538,32.2,78.8,-71,-86,Low
Ti,0.07,1.48,0.32,0.005,0.006,0.0005,0.0055,0.03,0.03,0.005,0.12,0.03,488,549,32.4,78.8,-61,-76,Low
Ti,0.068,1.38,0.32,0.004,0.005,0.0005,0.0077,0.03,0.03,0.005,0.12,0.03,466,542,30.6,80.6,-51,-67,Low
Ti,0.068,1.51,0.35,0.006,0.006,0.0005,0.01,0.03,0.03,0.005,0.12,0.03,499,569,29,77.9,-47,-63,Low
Ti,0.065,1.53,0.39,0.005,0.006,0.0005,0.014,0.03,0.03,0.005,0.12,0.03,513,579,27,77.9,-44,-64,Low
Ti,0.07,1.64,0.48,0.005,0.006,0.0005,0.021,0.03,0.03,0.005,0.12,0.03,515,592,27.2,78.9,-55,-76,Low
Ti,0.075,1.75,0.29,0.006,0.005,0.0005,0.0255,0.03,0.03,0.005,0.12,0.03,588,654,26.4,72,-55,-80,Low
Zn,0.069,1.45,0.27,0.01,0.01,0.0006,0.0029,0.03,0.03,0.005,0.009,0.04,476,545,28.4,77.1,-65,-90,Low
Zn,0.076,1.48,0.31,0.01,0.01,0.0005,0.0027,0.03,0.03,0.005,0.006,0.04,497,541,26.9,76.2,-65,-94,Low
Zn,0.077,1.43,0.26,0.01,0.01,0.0005,0.0027,0.03,0.03,0.005,0.007,0.04,483,536,26.3,78.5,-65,-88,Low
Zn,0.076,1.39,0.26,0.01,0.01,0.0005,0.0025,0.03,0.03,0.005,0.006,0.04,468,528,29.4,77.1,-65,-89,Low
